"path","count","rules","cwes"
"data/juliet/testcases/CWE190_Integer_Overflow/s02/CWE190_Integer_Overflow__int_connect_socket_add_01.c","2","tools.semgrep-rules.c.lang.security.insecure-use-memset","CWE-14: Compiler Removal of Code to Clear Buffers"
"data/juliet/testcases/CWE190_Integer_Overflow/s02/CWE190_Integer_Overflow__int_connect_socket_add_02.c","3","tools.semgrep-rules.c.lang.security.insecure-use-memset","CWE-14: Compiler Removal of Code to Clear Buffers"
"data/juliet/testcases/CWE190_Integer_Overflow/s02/CWE190_Integer_Overflow__int_connect_socket_add_03.c","3","tools.semgrep-rules.c.lang.security.insecure-use-memset","CWE-14: Compiler Removal of Code to Clear Buffers"
"data/juliet/testcases/CWE190_Integer_Overflow/s02/CWE190_Integer_Overflow__int_connect_socket_add_04.c","3","tools.semgrep-rules.c.lang.security.insecure-use-memset","CWE-14: Compiler Removal of Code to Clear Buffers"
"data/juliet/testcases/CWE190_Integer_Overflow/s02/CWE190_Integer_Overflow__int_connect_socket_add_05.c","3","tools.semgrep-rules.c.lang.security.insecure-use-memset","CWE-14: Compiler Removal of Code to Clear Buffers"
"data/juliet/testcases/CWE190_Integer_Overflow/s02/CWE190_Integer_Overflow__int_connect_socket_add_06.c","3","tools.semgrep-rules.c.lang.security.insecure-use-memset","CWE-14: Compiler Removal of Code to Clear Buffers"
"data/juliet/testcases/CWE190_Integer_Overflow/s02/CWE190_Integer_Overflow__int_connect_socket_add_07.c","3","tools.semgrep-rules.c.lang.security.insecure-use-memset","CWE-14: Compiler Removal of Code to Clear Buffers"
"data/juliet/testcases/CWE190_Integer_Overflow/s02/CWE190_Integer_Overflow__int_connect_socket_add_08.c","3","tools.semgrep-rules.c.lang.security.insecure-use-memset","CWE-14: Compiler Removal of Code to Clear Buffers"
"data/juliet/testcases/CWE190_Integer_Overflow/s02/CWE190_Integer_Overflow__int_connect_socket_add_09.c","3","tools.semgrep-rules.c.lang.security.insecure-use-memset","CWE-14: Compiler Removal of Code to Clear Buffers"
"data/juliet/testcases/CWE190_Integer_Overflow/s02/CWE190_Integer_Overflow__int_connect_socket_add_10.c","3","tools.semgrep-rules.c.lang.security.insecure-use-memset","CWE-14: Compiler Removal of Code to Clear Buffers"
"data/juliet/testcases/CWE190_Integer_Overflow/s02/CWE190_Integer_Overflow__int_connect_socket_add_11.c","3","tools.semgrep-rules.c.lang.security.insecure-use-memset","CWE-14: Compiler Removal of Code to Clear Buffers"
"data/juliet/testcases/CWE190_Integer_Overflow/s02/CWE190_Integer_Overflow__int_connect_socket_add_12.c","3","tools.semgrep-rules.c.lang.security.insecure-use-memset","CWE-14: Compiler Removal of Code to Clear Buffers"
"data/juliet/testcases/CWE190_Integer_Overflow/s02/CWE190_Integer_Overflow__int_connect_socket_add_13.c","3","tools.semgrep-rules.c.lang.security.insecure-use-memset","CWE-14: Compiler Removal of Code to Clear Buffers"
"data/juliet/testcases/CWE190_Integer_Overflow/s02/CWE190_Integer_Overflow__int_connect_socket_add_14.c","3","tools.semgrep-rules.c.lang.security.insecure-use-memset","CWE-14: Compiler Removal of Code to Clear Buffers"
"data/juliet/testcases/CWE190_Integer_Overflow/s02/CWE190_Integer_Overflow__int_connect_socket_add_15.c","3","tools.semgrep-rules.c.lang.security.insecure-use-memset","CWE-14: Compiler Removal of Code to Clear Buffers"
"data/juliet/testcases/CWE190_Integer_Overflow/s02/CWE190_Integer_Overflow__int_connect_socket_add_16.c","2","tools.semgrep-rules.c.lang.security.insecure-use-memset","CWE-14: Compiler Removal of Code to Clear Buffers"
"data/juliet/testcases/CWE190_Integer_Overflow/s02/CWE190_Integer_Overflow__int_connect_socket_add_17.c","2","tools.semgrep-rules.c.lang.security.insecure-use-memset","CWE-14: Compiler Removal of Code to Clear Buffers"
"data/juliet/testcases/CWE190_Integer_Overflow/s02/CWE190_Integer_Overflow__int_connect_socket_add_18.c","2","tools.semgrep-rules.c.lang.security.insecure-use-memset","CWE-14: Compiler Removal of Code to Clear Buffers"
"data/juliet/testcases/CWE190_Integer_Overflow/s02/CWE190_Integer_Overflow__int_connect_socket_add_21.c","3","tools.semgrep-rules.c.lang.security.insecure-use-memset","CWE-14: Compiler Removal of Code to Clear Buffers"
"data/juliet/testcases/CWE190_Integer_Overflow/s02/CWE190_Integer_Overflow__int_connect_socket_add_22a.c","3","tools.semgrep-rules.c.lang.security.insecure-use-memset","CWE-14: Compiler Removal of Code to Clear Buffers"
"data/juliet/testcases/CWE190_Integer_Overflow/s02/CWE190_Integer_Overflow__int_connect_socket_add_31.c","2","tools.semgrep-rules.c.lang.security.insecure-use-memset","CWE-14: Compiler Removal of Code to Clear Buffers"
"data/juliet/testcases/CWE190_Integer_Overflow/s02/CWE190_Integer_Overflow__int_connect_socket_add_32.c","2","tools.semgrep-rules.c.lang.security.insecure-use-memset","CWE-14: Compiler Removal of Code to Clear Buffers"
"data/juliet/testcases/CWE190_Integer_Overflow/s02/CWE190_Integer_Overflow__int_connect_socket_add_34.c","2","tools.semgrep-rules.c.lang.security.insecure-use-memset","CWE-14: Compiler Removal of Code to Clear Buffers"
"data/juliet/testcases/CWE190_Integer_Overflow/s02/CWE190_Integer_Overflow__int_connect_socket_add_41.c","2","tools.semgrep-rules.c.lang.security.insecure-use-memset","CWE-14: Compiler Removal of Code to Clear Buffers"
"data/juliet/testcases/CWE190_Integer_Overflow/s02/CWE190_Integer_Overflow__int_connect_socket_add_42.c","2","tools.semgrep-rules.c.lang.security.insecure-use-memset","CWE-14: Compiler Removal of Code to Clear Buffers"
"data/juliet/testcases/CWE190_Integer_Overflow/s02/CWE190_Integer_Overflow__int_connect_socket_add_44.c","2","tools.semgrep-rules.c.lang.security.insecure-use-memset","CWE-14: Compiler Removal of Code to Clear Buffers"
"data/juliet/testcases/CWE190_Integer_Overflow/s02/CWE190_Integer_Overflow__int_connect_socket_add_45.c","2","tools.semgrep-rules.c.lang.security.insecure-use-memset","CWE-14: Compiler Removal of Code to Clear Buffers"
"data/juliet/testcases/CWE190_Integer_Overflow/s02/CWE190_Integer_Overflow__int_connect_socket_add_51a.c","2","tools.semgrep-rules.c.lang.security.insecure-use-memset","CWE-14: Compiler Removal of Code to Clear Buffers"
"data/juliet/testcases/CWE190_Integer_Overflow/s02/CWE190_Integer_Overflow__int_connect_socket_add_52a.c","2","tools.semgrep-rules.c.lang.security.insecure-use-memset","CWE-14: Compiler Removal of Code to Clear Buffers"
"data/juliet/testcases/CWE190_Integer_Overflow/s02/CWE190_Integer_Overflow__int_connect_socket_add_53a.c","2","tools.semgrep-rules.c.lang.security.insecure-use-memset","CWE-14: Compiler Removal of Code to Clear Buffers"
"data/juliet/testcases/CWE190_Integer_Overflow/s02/CWE190_Integer_Overflow__int_connect_socket_add_54a.c","2","tools.semgrep-rules.c.lang.security.insecure-use-memset","CWE-14: Compiler Removal of Code to Clear Buffers"
"data/juliet/testcases/CWE190_Integer_Overflow/s02/CWE190_Integer_Overflow__int_connect_socket_add_61b.c","2","tools.semgrep-rules.c.lang.security.insecure-use-memset","CWE-14: Compiler Removal of Code to Clear Buffers"
"data/juliet/testcases/CWE190_Integer_Overflow/s02/CWE190_Integer_Overflow__int_connect_socket_add_63a.c","2","tools.semgrep-rules.c.lang.security.insecure-use-memset","CWE-14: Compiler Removal of Code to Clear Buffers"
"data/juliet/testcases/CWE190_Integer_Overflow/s02/CWE190_Integer_Overflow__int_connect_socket_add_64a.c","2","tools.semgrep-rules.c.lang.security.insecure-use-memset","CWE-14: Compiler Removal of Code to Clear Buffers"
"data/juliet/testcases/CWE190_Integer_Overflow/s02/CWE190_Integer_Overflow__int_connect_socket_add_65a.c","2","tools.semgrep-rules.c.lang.security.insecure-use-memset","CWE-14: Compiler Removal of Code to Clear Buffers"
"data/juliet/testcases/CWE190_Integer_Overflow/s02/CWE190_Integer_Overflow__int_connect_socket_add_66a.c","2","tools.semgrep-rules.c.lang.security.insecure-use-memset","CWE-14: Compiler Removal of Code to Clear Buffers"
"data/juliet/testcases/CWE190_Integer_Overflow/s02/CWE190_Integer_Overflow__int_connect_socket_add_67a.c","2","tools.semgrep-rules.c.lang.security.insecure-use-memset","CWE-14: Compiler Removal of Code to Clear Buffers"
"data/juliet/testcases/CWE190_Integer_Overflow/s02/CWE190_Integer_Overflow__int_connect_socket_add_68a.c","2","tools.semgrep-rules.c.lang.security.insecure-use-memset","CWE-14: Compiler Removal of Code to Clear Buffers"
"data/juliet/testcases/CWE190_Integer_Overflow/s02/CWE190_Integer_Overflow__int_connect_socket_multiply_01.c","2","tools.semgrep-rules.c.lang.security.insecure-use-memset","CWE-14: Compiler Removal of Code to Clear Buffers"
"data/juliet/testcases/CWE190_Integer_Overflow/s02/CWE190_Integer_Overflow__int_connect_socket_multiply_02.c","3","tools.semgrep-rules.c.lang.security.insecure-use-memset","CWE-14: Compiler Removal of Code to Clear Buffers"
"data/juliet/testcases/CWE190_Integer_Overflow/s02/CWE190_Integer_Overflow__int_connect_socket_multiply_03.c","3","tools.semgrep-rules.c.lang.security.insecure-use-memset","CWE-14: Compiler Removal of Code to Clear Buffers"
"data/juliet/testcases/CWE190_Integer_Overflow/s02/CWE190_Integer_Overflow__int_connect_socket_multiply_04.c","3","tools.semgrep-rules.c.lang.security.insecure-use-memset","CWE-14: Compiler Removal of Code to Clear Buffers"
"data/juliet/testcases/CWE190_Integer_Overflow/s02/CWE190_Integer_Overflow__int_connect_socket_multiply_05.c","3","tools.semgrep-rules.c.lang.security.insecure-use-memset","CWE-14: Compiler Removal of Code to Clear Buffers"
"data/juliet/testcases/CWE190_Integer_Overflow/s02/CWE190_Integer_Overflow__int_connect_socket_multiply_06.c","3","tools.semgrep-rules.c.lang.security.insecure-use-memset","CWE-14: Compiler Removal of Code to Clear Buffers"
"data/juliet/testcases/CWE190_Integer_Overflow/s02/CWE190_Integer_Overflow__int_connect_socket_multiply_07.c","3","tools.semgrep-rules.c.lang.security.insecure-use-memset","CWE-14: Compiler Removal of Code to Clear Buffers"
"data/juliet/testcases/CWE190_Integer_Overflow/s02/CWE190_Integer_Overflow__int_connect_socket_multiply_08.c","3","tools.semgrep-rules.c.lang.security.insecure-use-memset","CWE-14: Compiler Removal of Code to Clear Buffers"
"data/juliet/testcases/CWE190_Integer_Overflow/s02/CWE190_Integer_Overflow__int_connect_socket_multiply_09.c","3","tools.semgrep-rules.c.lang.security.insecure-use-memset","CWE-14: Compiler Removal of Code to Clear Buffers"
"data/juliet/testcases/CWE190_Integer_Overflow/s02/CWE190_Integer_Overflow__int_connect_socket_multiply_10.c","3","tools.semgrep-rules.c.lang.security.insecure-use-memset","CWE-14: Compiler Removal of Code to Clear Buffers"
"data/juliet/testcases/CWE190_Integer_Overflow/s02/CWE190_Integer_Overflow__int_connect_socket_multiply_11.c","3","tools.semgrep-rules.c.lang.security.insecure-use-memset","CWE-14: Compiler Removal of Code to Clear Buffers"
"data/juliet/testcases/CWE190_Integer_Overflow/s02/CWE190_Integer_Overflow__int_connect_socket_multiply_12.c","3","tools.semgrep-rules.c.lang.security.insecure-use-memset","CWE-14: Compiler Removal of Code to Clear Buffers"
"data/juliet/testcases/CWE190_Integer_Overflow/s02/CWE190_Integer_Overflow__int_connect_socket_multiply_13.c","3","tools.semgrep-rules.c.lang.security.insecure-use-memset","CWE-14: Compiler Removal of Code to Clear Buffers"
"data/juliet/testcases/CWE190_Integer_Overflow/s02/CWE190_Integer_Overflow__int_connect_socket_multiply_14.c","3","tools.semgrep-rules.c.lang.security.insecure-use-memset","CWE-14: Compiler Removal of Code to Clear Buffers"
"data/juliet/testcases/CWE190_Integer_Overflow/s02/CWE190_Integer_Overflow__int_connect_socket_multiply_15.c","3","tools.semgrep-rules.c.lang.security.insecure-use-memset","CWE-14: Compiler Removal of Code to Clear Buffers"
"data/juliet/testcases/CWE190_Integer_Overflow/s02/CWE190_Integer_Overflow__int_connect_socket_multiply_16.c","2","tools.semgrep-rules.c.lang.security.insecure-use-memset","CWE-14: Compiler Removal of Code to Clear Buffers"
"data/juliet/testcases/CWE190_Integer_Overflow/s02/CWE190_Integer_Overflow__int_connect_socket_multiply_17.c","2","tools.semgrep-rules.c.lang.security.insecure-use-memset","CWE-14: Compiler Removal of Code to Clear Buffers"
"data/juliet/testcases/CWE190_Integer_Overflow/s02/CWE190_Integer_Overflow__int_connect_socket_multiply_18.c","2","tools.semgrep-rules.c.lang.security.insecure-use-memset","CWE-14: Compiler Removal of Code to Clear Buffers"
"data/juliet/testcases/CWE190_Integer_Overflow/s02/CWE190_Integer_Overflow__int_connect_socket_multiply_21.c","3","tools.semgrep-rules.c.lang.security.insecure-use-memset","CWE-14: Compiler Removal of Code to Clear Buffers"
"data/juliet/testcases/CWE190_Integer_Overflow/s02/CWE190_Integer_Overflow__int_connect_socket_multiply_22a.c","3","tools.semgrep-rules.c.lang.security.insecure-use-memset","CWE-14: Compiler Removal of Code to Clear Buffers"
"data/juliet/testcases/CWE190_Integer_Overflow/s02/CWE190_Integer_Overflow__int_connect_socket_multiply_31.c","2","tools.semgrep-rules.c.lang.security.insecure-use-memset","CWE-14: Compiler Removal of Code to Clear Buffers"
"data/juliet/testcases/CWE190_Integer_Overflow/s02/CWE190_Integer_Overflow__int_connect_socket_multiply_32.c","2","tools.semgrep-rules.c.lang.security.insecure-use-memset","CWE-14: Compiler Removal of Code to Clear Buffers"
"data/juliet/testcases/CWE190_Integer_Overflow/s02/CWE190_Integer_Overflow__int_connect_socket_multiply_34.c","2","tools.semgrep-rules.c.lang.security.insecure-use-memset","CWE-14: Compiler Removal of Code to Clear Buffers"
"data/juliet/testcases/CWE190_Integer_Overflow/s02/CWE190_Integer_Overflow__int_connect_socket_multiply_41.c","2","tools.semgrep-rules.c.lang.security.insecure-use-memset","CWE-14: Compiler Removal of Code to Clear Buffers"
"data/juliet/testcases/CWE190_Integer_Overflow/s02/CWE190_Integer_Overflow__int_connect_socket_multiply_42.c","2","tools.semgrep-rules.c.lang.security.insecure-use-memset","CWE-14: Compiler Removal of Code to Clear Buffers"
"data/juliet/testcases/CWE190_Integer_Overflow/s02/CWE190_Integer_Overflow__int_connect_socket_multiply_44.c","2","tools.semgrep-rules.c.lang.security.insecure-use-memset","CWE-14: Compiler Removal of Code to Clear Buffers"
"data/juliet/testcases/CWE190_Integer_Overflow/s02/CWE190_Integer_Overflow__int_connect_socket_multiply_45.c","2","tools.semgrep-rules.c.lang.security.insecure-use-memset","CWE-14: Compiler Removal of Code to Clear Buffers"
"data/juliet/testcases/CWE190_Integer_Overflow/s02/CWE190_Integer_Overflow__int_connect_socket_multiply_51a.c","2","tools.semgrep-rules.c.lang.security.insecure-use-memset","CWE-14: Compiler Removal of Code to Clear Buffers"
"data/juliet/testcases/CWE190_Integer_Overflow/s02/CWE190_Integer_Overflow__int_connect_socket_multiply_52a.c","2","tools.semgrep-rules.c.lang.security.insecure-use-memset","CWE-14: Compiler Removal of Code to Clear Buffers"
"data/juliet/testcases/CWE190_Integer_Overflow/s02/CWE190_Integer_Overflow__int_connect_socket_multiply_53a.c","2","tools.semgrep-rules.c.lang.security.insecure-use-memset","CWE-14: Compiler Removal of Code to Clear Buffers"
"data/juliet/testcases/CWE190_Integer_Overflow/s02/CWE190_Integer_Overflow__int_connect_socket_multiply_54a.c","2","tools.semgrep-rules.c.lang.security.insecure-use-memset","CWE-14: Compiler Removal of Code to Clear Buffers"
"data/juliet/testcases/CWE190_Integer_Overflow/s02/CWE190_Integer_Overflow__int_connect_socket_multiply_61b.c","2","tools.semgrep-rules.c.lang.security.insecure-use-memset","CWE-14: Compiler Removal of Code to Clear Buffers"
"data/juliet/testcases/CWE190_Integer_Overflow/s02/CWE190_Integer_Overflow__int_connect_socket_multiply_63a.c","2","tools.semgrep-rules.c.lang.security.insecure-use-memset","CWE-14: Compiler Removal of Code to Clear Buffers"
"data/juliet/testcases/CWE190_Integer_Overflow/s02/CWE190_Integer_Overflow__int_connect_socket_multiply_64a.c","2","tools.semgrep-rules.c.lang.security.insecure-use-memset","CWE-14: Compiler Removal of Code to Clear Buffers"
"data/juliet/testcases/CWE190_Integer_Overflow/s02/CWE190_Integer_Overflow__int_connect_socket_multiply_65a.c","2","tools.semgrep-rules.c.lang.security.insecure-use-memset","CWE-14: Compiler Removal of Code to Clear Buffers"
"data/juliet/testcases/CWE190_Integer_Overflow/s02/CWE190_Integer_Overflow__int_connect_socket_multiply_66a.c","2","tools.semgrep-rules.c.lang.security.insecure-use-memset","CWE-14: Compiler Removal of Code to Clear Buffers"
"data/juliet/testcases/CWE190_Integer_Overflow/s02/CWE190_Integer_Overflow__int_connect_socket_multiply_67a.c","2","tools.semgrep-rules.c.lang.security.insecure-use-memset","CWE-14: Compiler Removal of Code to Clear Buffers"
"data/juliet/testcases/CWE190_Integer_Overflow/s02/CWE190_Integer_Overflow__int_connect_socket_multiply_68a.c","2","tools.semgrep-rules.c.lang.security.insecure-use-memset","CWE-14: Compiler Removal of Code to Clear Buffers"
"data/juliet/testcases/CWE190_Integer_Overflow/s02/CWE190_Integer_Overflow__int_connect_socket_square_01.c","2","tools.semgrep-rules.c.lang.security.insecure-use-memset","CWE-14: Compiler Removal of Code to Clear Buffers"
"data/juliet/testcases/CWE190_Integer_Overflow/s02/CWE190_Integer_Overflow__int_connect_socket_square_02.c","3","tools.semgrep-rules.c.lang.security.insecure-use-memset","CWE-14: Compiler Removal of Code to Clear Buffers"
"data/juliet/testcases/CWE190_Integer_Overflow/s02/CWE190_Integer_Overflow__int_connect_socket_square_03.c","3","tools.semgrep-rules.c.lang.security.insecure-use-memset","CWE-14: Compiler Removal of Code to Clear Buffers"
"data/juliet/testcases/CWE190_Integer_Overflow/s02/CWE190_Integer_Overflow__int_connect_socket_square_04.c","3","tools.semgrep-rules.c.lang.security.insecure-use-memset","CWE-14: Compiler Removal of Code to Clear Buffers"
"data/juliet/testcases/CWE190_Integer_Overflow/s02/CWE190_Integer_Overflow__int_connect_socket_square_05.c","3","tools.semgrep-rules.c.lang.security.insecure-use-memset","CWE-14: Compiler Removal of Code to Clear Buffers"
"data/juliet/testcases/CWE190_Integer_Overflow/s02/CWE190_Integer_Overflow__int_connect_socket_square_06.c","3","tools.semgrep-rules.c.lang.security.insecure-use-memset","CWE-14: Compiler Removal of Code to Clear Buffers"
"data/juliet/testcases/CWE190_Integer_Overflow/s02/CWE190_Integer_Overflow__int_connect_socket_square_07.c","3","tools.semgrep-rules.c.lang.security.insecure-use-memset","CWE-14: Compiler Removal of Code to Clear Buffers"
"data/juliet/testcases/CWE190_Integer_Overflow/s02/CWE190_Integer_Overflow__int_connect_socket_square_08.c","3","tools.semgrep-rules.c.lang.security.insecure-use-memset","CWE-14: Compiler Removal of Code to Clear Buffers"
"data/juliet/testcases/CWE190_Integer_Overflow/s02/CWE190_Integer_Overflow__int_connect_socket_square_09.c","3","tools.semgrep-rules.c.lang.security.insecure-use-memset","CWE-14: Compiler Removal of Code to Clear Buffers"
"data/juliet/testcases/CWE190_Integer_Overflow/s02/CWE190_Integer_Overflow__int_connect_socket_square_10.c","3","tools.semgrep-rules.c.lang.security.insecure-use-memset","CWE-14: Compiler Removal of Code to Clear Buffers"
"data/juliet/testcases/CWE190_Integer_Overflow/s02/CWE190_Integer_Overflow__int_connect_socket_square_11.c","3","tools.semgrep-rules.c.lang.security.insecure-use-memset","CWE-14: Compiler Removal of Code to Clear Buffers"
"data/juliet/testcases/CWE190_Integer_Overflow/s02/CWE190_Integer_Overflow__int_connect_socket_square_12.c","3","tools.semgrep-rules.c.lang.security.insecure-use-memset","CWE-14: Compiler Removal of Code to Clear Buffers"
"data/juliet/testcases/CWE190_Integer_Overflow/s02/CWE190_Integer_Overflow__int_connect_socket_square_13.c","3","tools.semgrep-rules.c.lang.security.insecure-use-memset","CWE-14: Compiler Removal of Code to Clear Buffers"
"data/juliet/testcases/CWE190_Integer_Overflow/s02/CWE190_Integer_Overflow__int_connect_socket_square_14.c","3","tools.semgrep-rules.c.lang.security.insecure-use-memset","CWE-14: Compiler Removal of Code to Clear Buffers"
"data/juliet/testcases/CWE190_Integer_Overflow/s02/CWE190_Integer_Overflow__int_connect_socket_square_15.c","3","tools.semgrep-rules.c.lang.security.insecure-use-memset","CWE-14: Compiler Removal of Code to Clear Buffers"
"data/juliet/testcases/CWE190_Integer_Overflow/s02/CWE190_Integer_Overflow__int_connect_socket_square_16.c","2","tools.semgrep-rules.c.lang.security.insecure-use-memset","CWE-14: Compiler Removal of Code to Clear Buffers"
"data/juliet/testcases/CWE190_Integer_Overflow/s02/CWE190_Integer_Overflow__int_connect_socket_square_17.c","2","tools.semgrep-rules.c.lang.security.insecure-use-memset","CWE-14: Compiler Removal of Code to Clear Buffers"
"data/juliet/testcases/CWE190_Integer_Overflow/s02/CWE190_Integer_Overflow__int_connect_socket_square_18.c","2","tools.semgrep-rules.c.lang.security.insecure-use-memset","CWE-14: Compiler Removal of Code to Clear Buffers"
"data/juliet/testcases/CWE190_Integer_Overflow/s02/CWE190_Integer_Overflow__int_connect_socket_square_21.c","3","tools.semgrep-rules.c.lang.security.insecure-use-memset","CWE-14: Compiler Removal of Code to Clear Buffers"
"data/juliet/testcases/CWE190_Integer_Overflow/s02/CWE190_Integer_Overflow__int_connect_socket_square_22a.c","3","tools.semgrep-rules.c.lang.security.insecure-use-memset","CWE-14: Compiler Removal of Code to Clear Buffers"
"data/juliet/testcases/CWE190_Integer_Overflow/s02/CWE190_Integer_Overflow__int_connect_socket_square_31.c","2","tools.semgrep-rules.c.lang.security.insecure-use-memset","CWE-14: Compiler Removal of Code to Clear Buffers"
"data/juliet/testcases/CWE190_Integer_Overflow/s02/CWE190_Integer_Overflow__int_connect_socket_square_32.c","2","tools.semgrep-rules.c.lang.security.insecure-use-memset","CWE-14: Compiler Removal of Code to Clear Buffers"
"data/juliet/testcases/CWE190_Integer_Overflow/s02/CWE190_Integer_Overflow__int_connect_socket_square_34.c","2","tools.semgrep-rules.c.lang.security.insecure-use-memset","CWE-14: Compiler Removal of Code to Clear Buffers"
"data/juliet/testcases/CWE190_Integer_Overflow/s02/CWE190_Integer_Overflow__int_connect_socket_square_41.c","2","tools.semgrep-rules.c.lang.security.insecure-use-memset","CWE-14: Compiler Removal of Code to Clear Buffers"
"data/juliet/testcases/CWE190_Integer_Overflow/s02/CWE190_Integer_Overflow__int_connect_socket_square_42.c","2","tools.semgrep-rules.c.lang.security.insecure-use-memset","CWE-14: Compiler Removal of Code to Clear Buffers"
"data/juliet/testcases/CWE190_Integer_Overflow/s02/CWE190_Integer_Overflow__int_connect_socket_square_44.c","2","tools.semgrep-rules.c.lang.security.insecure-use-memset","CWE-14: Compiler Removal of Code to Clear Buffers"
"data/juliet/testcases/CWE190_Integer_Overflow/s02/CWE190_Integer_Overflow__int_connect_socket_square_45.c","2","tools.semgrep-rules.c.lang.security.insecure-use-memset","CWE-14: Compiler Removal of Code to Clear Buffers"
"data/juliet/testcases/CWE190_Integer_Overflow/s02/CWE190_Integer_Overflow__int_connect_socket_square_51a.c","2","tools.semgrep-rules.c.lang.security.insecure-use-memset","CWE-14: Compiler Removal of Code to Clear Buffers"
"data/juliet/testcases/CWE190_Integer_Overflow/s02/CWE190_Integer_Overflow__int_connect_socket_square_52a.c","2","tools.semgrep-rules.c.lang.security.insecure-use-memset","CWE-14: Compiler Removal of Code to Clear Buffers"
"data/juliet/testcases/CWE190_Integer_Overflow/s02/CWE190_Integer_Overflow__int_connect_socket_square_53a.c","2","tools.semgrep-rules.c.lang.security.insecure-use-memset","CWE-14: Compiler Removal of Code to Clear Buffers"
"data/juliet/testcases/CWE190_Integer_Overflow/s02/CWE190_Integer_Overflow__int_connect_socket_square_54a.c","2","tools.semgrep-rules.c.lang.security.insecure-use-memset","CWE-14: Compiler Removal of Code to Clear Buffers"
"data/juliet/testcases/CWE190_Integer_Overflow/s02/CWE190_Integer_Overflow__int_connect_socket_square_61b.c","2","tools.semgrep-rules.c.lang.security.insecure-use-memset","CWE-14: Compiler Removal of Code to Clear Buffers"
"data/juliet/testcases/CWE190_Integer_Overflow/s02/CWE190_Integer_Overflow__int_connect_socket_square_63a.c","2","tools.semgrep-rules.c.lang.security.insecure-use-memset","CWE-14: Compiler Removal of Code to Clear Buffers"
"data/juliet/testcases/CWE190_Integer_Overflow/s02/CWE190_Integer_Overflow__int_connect_socket_square_64a.c","2","tools.semgrep-rules.c.lang.security.insecure-use-memset","CWE-14: Compiler Removal of Code to Clear Buffers"
"data/juliet/testcases/CWE190_Integer_Overflow/s02/CWE190_Integer_Overflow__int_connect_socket_square_65a.c","2","tools.semgrep-rules.c.lang.security.insecure-use-memset","CWE-14: Compiler Removal of Code to Clear Buffers"
"data/juliet/testcases/CWE190_Integer_Overflow/s02/CWE190_Integer_Overflow__int_connect_socket_square_66a.c","2","tools.semgrep-rules.c.lang.security.insecure-use-memset","CWE-14: Compiler Removal of Code to Clear Buffers"
"data/juliet/testcases/CWE190_Integer_Overflow/s02/CWE190_Integer_Overflow__int_connect_socket_square_67a.c","2","tools.semgrep-rules.c.lang.security.insecure-use-memset","CWE-14: Compiler Removal of Code to Clear Buffers"
"data/juliet/testcases/CWE190_Integer_Overflow/s02/CWE190_Integer_Overflow__int_connect_socket_square_68a.c","2","tools.semgrep-rules.c.lang.security.insecure-use-memset","CWE-14: Compiler Removal of Code to Clear Buffers"
"data/juliet/testcases/CWE190_Integer_Overflow/s03/CWE190_Integer_Overflow__int_listen_socket_add_01.c","2","tools.semgrep-rules.c.lang.security.insecure-use-memset","CWE-14: Compiler Removal of Code to Clear Buffers"
"data/juliet/testcases/CWE190_Integer_Overflow/s03/CWE190_Integer_Overflow__int_listen_socket_add_02.c","3","tools.semgrep-rules.c.lang.security.insecure-use-memset","CWE-14: Compiler Removal of Code to Clear Buffers"
"data/juliet/testcases/CWE190_Integer_Overflow/s03/CWE190_Integer_Overflow__int_listen_socket_add_03.c","3","tools.semgrep-rules.c.lang.security.insecure-use-memset","CWE-14: Compiler Removal of Code to Clear Buffers"
"data/juliet/testcases/CWE190_Integer_Overflow/s03/CWE190_Integer_Overflow__int_listen_socket_add_04.c","3","tools.semgrep-rules.c.lang.security.insecure-use-memset","CWE-14: Compiler Removal of Code to Clear Buffers"
"data/juliet/testcases/CWE190_Integer_Overflow/s03/CWE190_Integer_Overflow__int_listen_socket_add_05.c","3","tools.semgrep-rules.c.lang.security.insecure-use-memset","CWE-14: Compiler Removal of Code to Clear Buffers"
"data/juliet/testcases/CWE190_Integer_Overflow/s03/CWE190_Integer_Overflow__int_listen_socket_add_06.c","3","tools.semgrep-rules.c.lang.security.insecure-use-memset","CWE-14: Compiler Removal of Code to Clear Buffers"
"data/juliet/testcases/CWE190_Integer_Overflow/s03/CWE190_Integer_Overflow__int_listen_socket_add_07.c","3","tools.semgrep-rules.c.lang.security.insecure-use-memset","CWE-14: Compiler Removal of Code to Clear Buffers"
"data/juliet/testcases/CWE190_Integer_Overflow/s03/CWE190_Integer_Overflow__int_listen_socket_add_08.c","3","tools.semgrep-rules.c.lang.security.insecure-use-memset","CWE-14: Compiler Removal of Code to Clear Buffers"
"data/juliet/testcases/CWE190_Integer_Overflow/s03/CWE190_Integer_Overflow__int_listen_socket_add_09.c","3","tools.semgrep-rules.c.lang.security.insecure-use-memset","CWE-14: Compiler Removal of Code to Clear Buffers"
"data/juliet/testcases/CWE190_Integer_Overflow/s03/CWE190_Integer_Overflow__int_listen_socket_add_10.c","3","tools.semgrep-rules.c.lang.security.insecure-use-memset","CWE-14: Compiler Removal of Code to Clear Buffers"
"data/juliet/testcases/CWE190_Integer_Overflow/s03/CWE190_Integer_Overflow__int_listen_socket_add_11.c","3","tools.semgrep-rules.c.lang.security.insecure-use-memset","CWE-14: Compiler Removal of Code to Clear Buffers"
"data/juliet/testcases/CWE190_Integer_Overflow/s03/CWE190_Integer_Overflow__int_listen_socket_add_12.c","3","tools.semgrep-rules.c.lang.security.insecure-use-memset","CWE-14: Compiler Removal of Code to Clear Buffers"
"data/juliet/testcases/CWE190_Integer_Overflow/s03/CWE190_Integer_Overflow__int_listen_socket_add_13.c","3","tools.semgrep-rules.c.lang.security.insecure-use-memset","CWE-14: Compiler Removal of Code to Clear Buffers"
"data/juliet/testcases/CWE190_Integer_Overflow/s03/CWE190_Integer_Overflow__int_listen_socket_add_14.c","3","tools.semgrep-rules.c.lang.security.insecure-use-memset","CWE-14: Compiler Removal of Code to Clear Buffers"
"data/juliet/testcases/CWE190_Integer_Overflow/s03/CWE190_Integer_Overflow__int_listen_socket_add_15.c","3","tools.semgrep-rules.c.lang.security.insecure-use-memset","CWE-14: Compiler Removal of Code to Clear Buffers"
"data/juliet/testcases/CWE190_Integer_Overflow/s03/CWE190_Integer_Overflow__int_listen_socket_add_16.c","2","tools.semgrep-rules.c.lang.security.insecure-use-memset","CWE-14: Compiler Removal of Code to Clear Buffers"
"data/juliet/testcases/CWE190_Integer_Overflow/s03/CWE190_Integer_Overflow__int_listen_socket_add_17.c","2","tools.semgrep-rules.c.lang.security.insecure-use-memset","CWE-14: Compiler Removal of Code to Clear Buffers"
"data/juliet/testcases/CWE190_Integer_Overflow/s03/CWE190_Integer_Overflow__int_listen_socket_add_18.c","2","tools.semgrep-rules.c.lang.security.insecure-use-memset","CWE-14: Compiler Removal of Code to Clear Buffers"
"data/juliet/testcases/CWE190_Integer_Overflow/s03/CWE190_Integer_Overflow__int_listen_socket_add_21.c","3","tools.semgrep-rules.c.lang.security.insecure-use-memset","CWE-14: Compiler Removal of Code to Clear Buffers"
"data/juliet/testcases/CWE190_Integer_Overflow/s03/CWE190_Integer_Overflow__int_listen_socket_add_22a.c","3","tools.semgrep-rules.c.lang.security.insecure-use-memset","CWE-14: Compiler Removal of Code to Clear Buffers"
"data/juliet/testcases/CWE190_Integer_Overflow/s03/CWE190_Integer_Overflow__int_listen_socket_add_31.c","2","tools.semgrep-rules.c.lang.security.insecure-use-memset","CWE-14: Compiler Removal of Code to Clear Buffers"
"data/juliet/testcases/CWE190_Integer_Overflow/s03/CWE190_Integer_Overflow__int_listen_socket_add_32.c","2","tools.semgrep-rules.c.lang.security.insecure-use-memset","CWE-14: Compiler Removal of Code to Clear Buffers"
"data/juliet/testcases/CWE190_Integer_Overflow/s03/CWE190_Integer_Overflow__int_listen_socket_add_34.c","2","tools.semgrep-rules.c.lang.security.insecure-use-memset","CWE-14: Compiler Removal of Code to Clear Buffers"
"data/juliet/testcases/CWE190_Integer_Overflow/s03/CWE190_Integer_Overflow__int_listen_socket_add_41.c","2","tools.semgrep-rules.c.lang.security.insecure-use-memset","CWE-14: Compiler Removal of Code to Clear Buffers"
"data/juliet/testcases/CWE190_Integer_Overflow/s03/CWE190_Integer_Overflow__int_listen_socket_add_42.c","2","tools.semgrep-rules.c.lang.security.insecure-use-memset","CWE-14: Compiler Removal of Code to Clear Buffers"
"data/juliet/testcases/CWE190_Integer_Overflow/s03/CWE190_Integer_Overflow__int_listen_socket_add_44.c","2","tools.semgrep-rules.c.lang.security.insecure-use-memset","CWE-14: Compiler Removal of Code to Clear Buffers"
"data/juliet/testcases/CWE190_Integer_Overflow/s03/CWE190_Integer_Overflow__int_listen_socket_add_45.c","2","tools.semgrep-rules.c.lang.security.insecure-use-memset","CWE-14: Compiler Removal of Code to Clear Buffers"
"data/juliet/testcases/CWE190_Integer_Overflow/s03/CWE190_Integer_Overflow__int_listen_socket_add_51a.c","2","tools.semgrep-rules.c.lang.security.insecure-use-memset","CWE-14: Compiler Removal of Code to Clear Buffers"
"data/juliet/testcases/CWE190_Integer_Overflow/s03/CWE190_Integer_Overflow__int_listen_socket_add_52a.c","2","tools.semgrep-rules.c.lang.security.insecure-use-memset","CWE-14: Compiler Removal of Code to Clear Buffers"
"data/juliet/testcases/CWE190_Integer_Overflow/s03/CWE190_Integer_Overflow__int_listen_socket_add_53a.c","2","tools.semgrep-rules.c.lang.security.insecure-use-memset","CWE-14: Compiler Removal of Code to Clear Buffers"
"data/juliet/testcases/CWE190_Integer_Overflow/s03/CWE190_Integer_Overflow__int_listen_socket_add_54a.c","2","tools.semgrep-rules.c.lang.security.insecure-use-memset","CWE-14: Compiler Removal of Code to Clear Buffers"
"data/juliet/testcases/CWE190_Integer_Overflow/s03/CWE190_Integer_Overflow__int_listen_socket_add_61b.c","2","tools.semgrep-rules.c.lang.security.insecure-use-memset","CWE-14: Compiler Removal of Code to Clear Buffers"
"data/juliet/testcases/CWE190_Integer_Overflow/s03/CWE190_Integer_Overflow__int_listen_socket_add_63a.c","2","tools.semgrep-rules.c.lang.security.insecure-use-memset","CWE-14: Compiler Removal of Code to Clear Buffers"
"data/juliet/testcases/CWE190_Integer_Overflow/s03/CWE190_Integer_Overflow__int_listen_socket_add_64a.c","2","tools.semgrep-rules.c.lang.security.insecure-use-memset","CWE-14: Compiler Removal of Code to Clear Buffers"
"data/juliet/testcases/CWE190_Integer_Overflow/s03/CWE190_Integer_Overflow__int_listen_socket_add_65a.c","2","tools.semgrep-rules.c.lang.security.insecure-use-memset","CWE-14: Compiler Removal of Code to Clear Buffers"
"data/juliet/testcases/CWE190_Integer_Overflow/s03/CWE190_Integer_Overflow__int_listen_socket_add_66a.c","2","tools.semgrep-rules.c.lang.security.insecure-use-memset","CWE-14: Compiler Removal of Code to Clear Buffers"
"data/juliet/testcases/CWE190_Integer_Overflow/s03/CWE190_Integer_Overflow__int_listen_socket_add_67a.c","2","tools.semgrep-rules.c.lang.security.insecure-use-memset","CWE-14: Compiler Removal of Code to Clear Buffers"
"data/juliet/testcases/CWE190_Integer_Overflow/s03/CWE190_Integer_Overflow__int_listen_socket_add_68a.c","2","tools.semgrep-rules.c.lang.security.insecure-use-memset","CWE-14: Compiler Removal of Code to Clear Buffers"
"data/juliet/testcases/CWE190_Integer_Overflow/s03/CWE190_Integer_Overflow__int_listen_socket_multiply_01.c","2","tools.semgrep-rules.c.lang.security.insecure-use-memset","CWE-14: Compiler Removal of Code to Clear Buffers"
"data/juliet/testcases/CWE190_Integer_Overflow/s03/CWE190_Integer_Overflow__int_listen_socket_multiply_02.c","3","tools.semgrep-rules.c.lang.security.insecure-use-memset","CWE-14: Compiler Removal of Code to Clear Buffers"
"data/juliet/testcases/CWE190_Integer_Overflow/s03/CWE190_Integer_Overflow__int_listen_socket_multiply_03.c","3","tools.semgrep-rules.c.lang.security.insecure-use-memset","CWE-14: Compiler Removal of Code to Clear Buffers"
"data/juliet/testcases/CWE190_Integer_Overflow/s03/CWE190_Integer_Overflow__int_listen_socket_multiply_04.c","3","tools.semgrep-rules.c.lang.security.insecure-use-memset","CWE-14: Compiler Removal of Code to Clear Buffers"
"data/juliet/testcases/CWE190_Integer_Overflow/s03/CWE190_Integer_Overflow__int_listen_socket_multiply_05.c","3","tools.semgrep-rules.c.lang.security.insecure-use-memset","CWE-14: Compiler Removal of Code to Clear Buffers"
"data/juliet/testcases/CWE190_Integer_Overflow/s03/CWE190_Integer_Overflow__int_listen_socket_multiply_06.c","3","tools.semgrep-rules.c.lang.security.insecure-use-memset","CWE-14: Compiler Removal of Code to Clear Buffers"
"data/juliet/testcases/CWE190_Integer_Overflow/s03/CWE190_Integer_Overflow__int_listen_socket_multiply_07.c","3","tools.semgrep-rules.c.lang.security.insecure-use-memset","CWE-14: Compiler Removal of Code to Clear Buffers"
"data/juliet/testcases/CWE190_Integer_Overflow/s03/CWE190_Integer_Overflow__int_listen_socket_multiply_08.c","3","tools.semgrep-rules.c.lang.security.insecure-use-memset","CWE-14: Compiler Removal of Code to Clear Buffers"
"data/juliet/testcases/CWE190_Integer_Overflow/s03/CWE190_Integer_Overflow__int_listen_socket_multiply_09.c","3","tools.semgrep-rules.c.lang.security.insecure-use-memset","CWE-14: Compiler Removal of Code to Clear Buffers"
"data/juliet/testcases/CWE190_Integer_Overflow/s03/CWE190_Integer_Overflow__int_listen_socket_multiply_10.c","3","tools.semgrep-rules.c.lang.security.insecure-use-memset","CWE-14: Compiler Removal of Code to Clear Buffers"
"data/juliet/testcases/CWE190_Integer_Overflow/s03/CWE190_Integer_Overflow__int_listen_socket_multiply_11.c","3","tools.semgrep-rules.c.lang.security.insecure-use-memset","CWE-14: Compiler Removal of Code to Clear Buffers"
"data/juliet/testcases/CWE190_Integer_Overflow/s03/CWE190_Integer_Overflow__int_listen_socket_multiply_12.c","3","tools.semgrep-rules.c.lang.security.insecure-use-memset","CWE-14: Compiler Removal of Code to Clear Buffers"
"data/juliet/testcases/CWE190_Integer_Overflow/s03/CWE190_Integer_Overflow__int_listen_socket_multiply_13.c","3","tools.semgrep-rules.c.lang.security.insecure-use-memset","CWE-14: Compiler Removal of Code to Clear Buffers"
"data/juliet/testcases/CWE190_Integer_Overflow/s03/CWE190_Integer_Overflow__int_listen_socket_multiply_14.c","3","tools.semgrep-rules.c.lang.security.insecure-use-memset","CWE-14: Compiler Removal of Code to Clear Buffers"
"data/juliet/testcases/CWE190_Integer_Overflow/s03/CWE190_Integer_Overflow__int_listen_socket_multiply_15.c","3","tools.semgrep-rules.c.lang.security.insecure-use-memset","CWE-14: Compiler Removal of Code to Clear Buffers"
"data/juliet/testcases/CWE190_Integer_Overflow/s03/CWE190_Integer_Overflow__int_listen_socket_multiply_16.c","2","tools.semgrep-rules.c.lang.security.insecure-use-memset","CWE-14: Compiler Removal of Code to Clear Buffers"
"data/juliet/testcases/CWE190_Integer_Overflow/s03/CWE190_Integer_Overflow__int_listen_socket_multiply_17.c","2","tools.semgrep-rules.c.lang.security.insecure-use-memset","CWE-14: Compiler Removal of Code to Clear Buffers"
"data/juliet/testcases/CWE190_Integer_Overflow/s03/CWE190_Integer_Overflow__int_listen_socket_multiply_18.c","2","tools.semgrep-rules.c.lang.security.insecure-use-memset","CWE-14: Compiler Removal of Code to Clear Buffers"
"data/juliet/testcases/CWE190_Integer_Overflow/s03/CWE190_Integer_Overflow__int_listen_socket_multiply_21.c","3","tools.semgrep-rules.c.lang.security.insecure-use-memset","CWE-14: Compiler Removal of Code to Clear Buffers"
"data/juliet/testcases/CWE190_Integer_Overflow/s03/CWE190_Integer_Overflow__int_listen_socket_multiply_22a.c","3","tools.semgrep-rules.c.lang.security.insecure-use-memset","CWE-14: Compiler Removal of Code to Clear Buffers"
"data/juliet/testcases/CWE190_Integer_Overflow/s03/CWE190_Integer_Overflow__int_listen_socket_multiply_31.c","2","tools.semgrep-rules.c.lang.security.insecure-use-memset","CWE-14: Compiler Removal of Code to Clear Buffers"
"data/juliet/testcases/CWE190_Integer_Overflow/s03/CWE190_Integer_Overflow__int_listen_socket_multiply_32.c","2","tools.semgrep-rules.c.lang.security.insecure-use-memset","CWE-14: Compiler Removal of Code to Clear Buffers"
"data/juliet/testcases/CWE190_Integer_Overflow/s03/CWE190_Integer_Overflow__int_listen_socket_multiply_34.c","2","tools.semgrep-rules.c.lang.security.insecure-use-memset","CWE-14: Compiler Removal of Code to Clear Buffers"
"data/juliet/testcases/CWE190_Integer_Overflow/s03/CWE190_Integer_Overflow__int_listen_socket_multiply_41.c","2","tools.semgrep-rules.c.lang.security.insecure-use-memset","CWE-14: Compiler Removal of Code to Clear Buffers"
"data/juliet/testcases/CWE190_Integer_Overflow/s03/CWE190_Integer_Overflow__int_listen_socket_multiply_42.c","2","tools.semgrep-rules.c.lang.security.insecure-use-memset","CWE-14: Compiler Removal of Code to Clear Buffers"
"data/juliet/testcases/CWE190_Integer_Overflow/s03/CWE190_Integer_Overflow__int_listen_socket_multiply_44.c","2","tools.semgrep-rules.c.lang.security.insecure-use-memset","CWE-14: Compiler Removal of Code to Clear Buffers"
"data/juliet/testcases/CWE190_Integer_Overflow/s03/CWE190_Integer_Overflow__int_listen_socket_multiply_45.c","2","tools.semgrep-rules.c.lang.security.insecure-use-memset","CWE-14: Compiler Removal of Code to Clear Buffers"
"data/juliet/testcases/CWE190_Integer_Overflow/s03/CWE190_Integer_Overflow__int_listen_socket_multiply_51a.c","2","tools.semgrep-rules.c.lang.security.insecure-use-memset","CWE-14: Compiler Removal of Code to Clear Buffers"
"data/juliet/testcases/CWE190_Integer_Overflow/s03/CWE190_Integer_Overflow__int_listen_socket_multiply_52a.c","2","tools.semgrep-rules.c.lang.security.insecure-use-memset","CWE-14: Compiler Removal of Code to Clear Buffers"
"data/juliet/testcases/CWE190_Integer_Overflow/s03/CWE190_Integer_Overflow__int_listen_socket_multiply_53a.c","2","tools.semgrep-rules.c.lang.security.insecure-use-memset","CWE-14: Compiler Removal of Code to Clear Buffers"
"data/juliet/testcases/CWE190_Integer_Overflow/s03/CWE190_Integer_Overflow__int_listen_socket_multiply_54a.c","2","tools.semgrep-rules.c.lang.security.insecure-use-memset","CWE-14: Compiler Removal of Code to Clear Buffers"
"data/juliet/testcases/CWE190_Integer_Overflow/s03/CWE190_Integer_Overflow__int_listen_socket_multiply_61b.c","2","tools.semgrep-rules.c.lang.security.insecure-use-memset","CWE-14: Compiler Removal of Code to Clear Buffers"
"data/juliet/testcases/CWE190_Integer_Overflow/s03/CWE190_Integer_Overflow__int_listen_socket_multiply_63a.c","2","tools.semgrep-rules.c.lang.security.insecure-use-memset","CWE-14: Compiler Removal of Code to Clear Buffers"
"data/juliet/testcases/CWE190_Integer_Overflow/s03/CWE190_Integer_Overflow__int_listen_socket_multiply_64a.c","2","tools.semgrep-rules.c.lang.security.insecure-use-memset","CWE-14: Compiler Removal of Code to Clear Buffers"
"data/juliet/testcases/CWE190_Integer_Overflow/s03/CWE190_Integer_Overflow__int_listen_socket_multiply_65a.c","2","tools.semgrep-rules.c.lang.security.insecure-use-memset","CWE-14: Compiler Removal of Code to Clear Buffers"
"data/juliet/testcases/CWE190_Integer_Overflow/s03/CWE190_Integer_Overflow__int_listen_socket_multiply_66a.c","2","tools.semgrep-rules.c.lang.security.insecure-use-memset","CWE-14: Compiler Removal of Code to Clear Buffers"
"data/juliet/testcases/CWE190_Integer_Overflow/s03/CWE190_Integer_Overflow__int_listen_socket_multiply_67a.c","2","tools.semgrep-rules.c.lang.security.insecure-use-memset","CWE-14: Compiler Removal of Code to Clear Buffers"
"data/juliet/testcases/CWE190_Integer_Overflow/s03/CWE190_Integer_Overflow__int_listen_socket_multiply_68a.c","2","tools.semgrep-rules.c.lang.security.insecure-use-memset","CWE-14: Compiler Removal of Code to Clear Buffers"
"data/juliet/testcases/CWE190_Integer_Overflow/s03/CWE190_Integer_Overflow__int_listen_socket_square_01.c","2","tools.semgrep-rules.c.lang.security.insecure-use-memset","CWE-14: Compiler Removal of Code to Clear Buffers"
"data/juliet/testcases/CWE190_Integer_Overflow/s03/CWE190_Integer_Overflow__int_listen_socket_square_02.c","3","tools.semgrep-rules.c.lang.security.insecure-use-memset","CWE-14: Compiler Removal of Code to Clear Buffers"
"data/juliet/testcases/CWE190_Integer_Overflow/s03/CWE190_Integer_Overflow__int_listen_socket_square_03.c","3","tools.semgrep-rules.c.lang.security.insecure-use-memset","CWE-14: Compiler Removal of Code to Clear Buffers"
"data/juliet/testcases/CWE190_Integer_Overflow/s03/CWE190_Integer_Overflow__int_listen_socket_square_04.c","3","tools.semgrep-rules.c.lang.security.insecure-use-memset","CWE-14: Compiler Removal of Code to Clear Buffers"
"data/juliet/testcases/CWE190_Integer_Overflow/s03/CWE190_Integer_Overflow__int_listen_socket_square_05.c","3","tools.semgrep-rules.c.lang.security.insecure-use-memset","CWE-14: Compiler Removal of Code to Clear Buffers"
"data/juliet/testcases/CWE190_Integer_Overflow/s03/CWE190_Integer_Overflow__int_listen_socket_square_06.c","3","tools.semgrep-rules.c.lang.security.insecure-use-memset","CWE-14: Compiler Removal of Code to Clear Buffers"
"data/juliet/testcases/CWE190_Integer_Overflow/s03/CWE190_Integer_Overflow__int_listen_socket_square_07.c","3","tools.semgrep-rules.c.lang.security.insecure-use-memset","CWE-14: Compiler Removal of Code to Clear Buffers"
"data/juliet/testcases/CWE190_Integer_Overflow/s03/CWE190_Integer_Overflow__int_listen_socket_square_08.c","3","tools.semgrep-rules.c.lang.security.insecure-use-memset","CWE-14: Compiler Removal of Code to Clear Buffers"
"data/juliet/testcases/CWE190_Integer_Overflow/s03/CWE190_Integer_Overflow__int_listen_socket_square_09.c","3","tools.semgrep-rules.c.lang.security.insecure-use-memset","CWE-14: Compiler Removal of Code to Clear Buffers"
"data/juliet/testcases/CWE190_Integer_Overflow/s03/CWE190_Integer_Overflow__int_listen_socket_square_10.c","3","tools.semgrep-rules.c.lang.security.insecure-use-memset","CWE-14: Compiler Removal of Code to Clear Buffers"
"data/juliet/testcases/CWE190_Integer_Overflow/s03/CWE190_Integer_Overflow__int_listen_socket_square_11.c","3","tools.semgrep-rules.c.lang.security.insecure-use-memset","CWE-14: Compiler Removal of Code to Clear Buffers"
"data/juliet/testcases/CWE190_Integer_Overflow/s03/CWE190_Integer_Overflow__int_listen_socket_square_12.c","3","tools.semgrep-rules.c.lang.security.insecure-use-memset","CWE-14: Compiler Removal of Code to Clear Buffers"
"data/juliet/testcases/CWE190_Integer_Overflow/s03/CWE190_Integer_Overflow__int_listen_socket_square_13.c","3","tools.semgrep-rules.c.lang.security.insecure-use-memset","CWE-14: Compiler Removal of Code to Clear Buffers"
"data/juliet/testcases/CWE190_Integer_Overflow/s03/CWE190_Integer_Overflow__int_listen_socket_square_14.c","3","tools.semgrep-rules.c.lang.security.insecure-use-memset","CWE-14: Compiler Removal of Code to Clear Buffers"
"data/juliet/testcases/CWE190_Integer_Overflow/s03/CWE190_Integer_Overflow__int_listen_socket_square_15.c","3","tools.semgrep-rules.c.lang.security.insecure-use-memset","CWE-14: Compiler Removal of Code to Clear Buffers"
"data/juliet/testcases/CWE190_Integer_Overflow/s03/CWE190_Integer_Overflow__int_listen_socket_square_16.c","2","tools.semgrep-rules.c.lang.security.insecure-use-memset","CWE-14: Compiler Removal of Code to Clear Buffers"
"data/juliet/testcases/CWE190_Integer_Overflow/s03/CWE190_Integer_Overflow__int_listen_socket_square_17.c","2","tools.semgrep-rules.c.lang.security.insecure-use-memset","CWE-14: Compiler Removal of Code to Clear Buffers"
"data/juliet/testcases/CWE190_Integer_Overflow/s03/CWE190_Integer_Overflow__int_listen_socket_square_18.c","2","tools.semgrep-rules.c.lang.security.insecure-use-memset","CWE-14: Compiler Removal of Code to Clear Buffers"
"data/juliet/testcases/CWE190_Integer_Overflow/s03/CWE190_Integer_Overflow__int_listen_socket_square_21.c","3","tools.semgrep-rules.c.lang.security.insecure-use-memset","CWE-14: Compiler Removal of Code to Clear Buffers"
"data/juliet/testcases/CWE190_Integer_Overflow/s03/CWE190_Integer_Overflow__int_listen_socket_square_22a.c","3","tools.semgrep-rules.c.lang.security.insecure-use-memset","CWE-14: Compiler Removal of Code to Clear Buffers"
"data/juliet/testcases/CWE190_Integer_Overflow/s03/CWE190_Integer_Overflow__int_listen_socket_square_31.c","2","tools.semgrep-rules.c.lang.security.insecure-use-memset","CWE-14: Compiler Removal of Code to Clear Buffers"
"data/juliet/testcases/CWE190_Integer_Overflow/s03/CWE190_Integer_Overflow__int_listen_socket_square_32.c","2","tools.semgrep-rules.c.lang.security.insecure-use-memset","CWE-14: Compiler Removal of Code to Clear Buffers"
"data/juliet/testcases/CWE190_Integer_Overflow/s03/CWE190_Integer_Overflow__int_listen_socket_square_34.c","2","tools.semgrep-rules.c.lang.security.insecure-use-memset","CWE-14: Compiler Removal of Code to Clear Buffers"
"data/juliet/testcases/CWE190_Integer_Overflow/s03/CWE190_Integer_Overflow__int_listen_socket_square_41.c","2","tools.semgrep-rules.c.lang.security.insecure-use-memset","CWE-14: Compiler Removal of Code to Clear Buffers"
"data/juliet/testcases/CWE190_Integer_Overflow/s03/CWE190_Integer_Overflow__int_listen_socket_square_42.c","2","tools.semgrep-rules.c.lang.security.insecure-use-memset","CWE-14: Compiler Removal of Code to Clear Buffers"
"data/juliet/testcases/CWE190_Integer_Overflow/s03/CWE190_Integer_Overflow__int_listen_socket_square_44.c","2","tools.semgrep-rules.c.lang.security.insecure-use-memset","CWE-14: Compiler Removal of Code to Clear Buffers"
"data/juliet/testcases/CWE190_Integer_Overflow/s03/CWE190_Integer_Overflow__int_listen_socket_square_45.c","2","tools.semgrep-rules.c.lang.security.insecure-use-memset","CWE-14: Compiler Removal of Code to Clear Buffers"
"data/juliet/testcases/CWE190_Integer_Overflow/s03/CWE190_Integer_Overflow__int_listen_socket_square_51a.c","2","tools.semgrep-rules.c.lang.security.insecure-use-memset","CWE-14: Compiler Removal of Code to Clear Buffers"
"data/juliet/testcases/CWE190_Integer_Overflow/s03/CWE190_Integer_Overflow__int_listen_socket_square_52a.c","2","tools.semgrep-rules.c.lang.security.insecure-use-memset","CWE-14: Compiler Removal of Code to Clear Buffers"
"data/juliet/testcases/CWE190_Integer_Overflow/s03/CWE190_Integer_Overflow__int_listen_socket_square_53a.c","2","tools.semgrep-rules.c.lang.security.insecure-use-memset","CWE-14: Compiler Removal of Code to Clear Buffers"
"data/juliet/testcases/CWE190_Integer_Overflow/s03/CWE190_Integer_Overflow__int_listen_socket_square_54a.c","2","tools.semgrep-rules.c.lang.security.insecure-use-memset","CWE-14: Compiler Removal of Code to Clear Buffers"
"data/juliet/testcases/CWE190_Integer_Overflow/s03/CWE190_Integer_Overflow__int_listen_socket_square_61b.c","2","tools.semgrep-rules.c.lang.security.insecure-use-memset","CWE-14: Compiler Removal of Code to Clear Buffers"
"data/juliet/testcases/CWE190_Integer_Overflow/s03/CWE190_Integer_Overflow__int_listen_socket_square_63a.c","2","tools.semgrep-rules.c.lang.security.insecure-use-memset","CWE-14: Compiler Removal of Code to Clear Buffers"
"data/juliet/testcases/CWE190_Integer_Overflow/s03/CWE190_Integer_Overflow__int_listen_socket_square_64a.c","2","tools.semgrep-rules.c.lang.security.insecure-use-memset","CWE-14: Compiler Removal of Code to Clear Buffers"
"data/juliet/testcases/CWE190_Integer_Overflow/s03/CWE190_Integer_Overflow__int_listen_socket_square_65a.c","2","tools.semgrep-rules.c.lang.security.insecure-use-memset","CWE-14: Compiler Removal of Code to Clear Buffers"
"data/juliet/testcases/CWE190_Integer_Overflow/s03/CWE190_Integer_Overflow__int_listen_socket_square_66a.c","2","tools.semgrep-rules.c.lang.security.insecure-use-memset","CWE-14: Compiler Removal of Code to Clear Buffers"
"data/juliet/testcases/CWE190_Integer_Overflow/s03/CWE190_Integer_Overflow__int_listen_socket_square_67a.c","2","tools.semgrep-rules.c.lang.security.insecure-use-memset","CWE-14: Compiler Removal of Code to Clear Buffers"
"data/juliet/testcases/CWE190_Integer_Overflow/s03/CWE190_Integer_Overflow__int_listen_socket_square_68a.c","2","tools.semgrep-rules.c.lang.security.insecure-use-memset","CWE-14: Compiler Removal of Code to Clear Buffers"
"data/juliet/testcases/CWE190_Integer_Overflow/s06/CWE190_Integer_Overflow__int_connect_socket_postinc_01.c","2","tools.semgrep-rules.c.lang.security.insecure-use-memset","CWE-14: Compiler Removal of Code to Clear Buffers"
"data/juliet/testcases/CWE190_Integer_Overflow/s06/CWE190_Integer_Overflow__int_connect_socket_postinc_02.c","3","tools.semgrep-rules.c.lang.security.insecure-use-memset","CWE-14: Compiler Removal of Code to Clear Buffers"
"data/juliet/testcases/CWE190_Integer_Overflow/s06/CWE190_Integer_Overflow__int_connect_socket_postinc_03.c","3","tools.semgrep-rules.c.lang.security.insecure-use-memset","CWE-14: Compiler Removal of Code to Clear Buffers"
"data/juliet/testcases/CWE190_Integer_Overflow/s06/CWE190_Integer_Overflow__int_connect_socket_postinc_04.c","3","tools.semgrep-rules.c.lang.security.insecure-use-memset","CWE-14: Compiler Removal of Code to Clear Buffers"
"data/juliet/testcases/CWE190_Integer_Overflow/s06/CWE190_Integer_Overflow__int_connect_socket_postinc_05.c","3","tools.semgrep-rules.c.lang.security.insecure-use-memset","CWE-14: Compiler Removal of Code to Clear Buffers"
"data/juliet/testcases/CWE190_Integer_Overflow/s06/CWE190_Integer_Overflow__int_connect_socket_postinc_06.c","3","tools.semgrep-rules.c.lang.security.insecure-use-memset","CWE-14: Compiler Removal of Code to Clear Buffers"
"data/juliet/testcases/CWE190_Integer_Overflow/s06/CWE190_Integer_Overflow__int_connect_socket_postinc_07.c","3","tools.semgrep-rules.c.lang.security.insecure-use-memset","CWE-14: Compiler Removal of Code to Clear Buffers"
"data/juliet/testcases/CWE190_Integer_Overflow/s06/CWE190_Integer_Overflow__int_connect_socket_postinc_08.c","3","tools.semgrep-rules.c.lang.security.insecure-use-memset","CWE-14: Compiler Removal of Code to Clear Buffers"
"data/juliet/testcases/CWE190_Integer_Overflow/s06/CWE190_Integer_Overflow__int_connect_socket_postinc_09.c","3","tools.semgrep-rules.c.lang.security.insecure-use-memset","CWE-14: Compiler Removal of Code to Clear Buffers"
"data/juliet/testcases/CWE190_Integer_Overflow/s06/CWE190_Integer_Overflow__int_connect_socket_postinc_10.c","3","tools.semgrep-rules.c.lang.security.insecure-use-memset","CWE-14: Compiler Removal of Code to Clear Buffers"
"data/juliet/testcases/CWE190_Integer_Overflow/s06/CWE190_Integer_Overflow__int_connect_socket_postinc_11.c","3","tools.semgrep-rules.c.lang.security.insecure-use-memset","CWE-14: Compiler Removal of Code to Clear Buffers"
"data/juliet/testcases/CWE190_Integer_Overflow/s06/CWE190_Integer_Overflow__int_connect_socket_postinc_12.c","3","tools.semgrep-rules.c.lang.security.insecure-use-memset","CWE-14: Compiler Removal of Code to Clear Buffers"
"data/juliet/testcases/CWE190_Integer_Overflow/s06/CWE190_Integer_Overflow__int_connect_socket_postinc_13.c","3","tools.semgrep-rules.c.lang.security.insecure-use-memset","CWE-14: Compiler Removal of Code to Clear Buffers"
"data/juliet/testcases/CWE190_Integer_Overflow/s06/CWE190_Integer_Overflow__int_connect_socket_postinc_14.c","3","tools.semgrep-rules.c.lang.security.insecure-use-memset","CWE-14: Compiler Removal of Code to Clear Buffers"
"data/juliet/testcases/CWE190_Integer_Overflow/s06/CWE190_Integer_Overflow__int_connect_socket_postinc_15.c","3","tools.semgrep-rules.c.lang.security.insecure-use-memset","CWE-14: Compiler Removal of Code to Clear Buffers"
"data/juliet/testcases/CWE190_Integer_Overflow/s06/CWE190_Integer_Overflow__int_connect_socket_postinc_16.c","2","tools.semgrep-rules.c.lang.security.insecure-use-memset","CWE-14: Compiler Removal of Code to Clear Buffers"
"data/juliet/testcases/CWE190_Integer_Overflow/s06/CWE190_Integer_Overflow__int_connect_socket_postinc_17.c","2","tools.semgrep-rules.c.lang.security.insecure-use-memset","CWE-14: Compiler Removal of Code to Clear Buffers"
"data/juliet/testcases/CWE190_Integer_Overflow/s06/CWE190_Integer_Overflow__int_connect_socket_postinc_18.c","2","tools.semgrep-rules.c.lang.security.insecure-use-memset","CWE-14: Compiler Removal of Code to Clear Buffers"
"data/juliet/testcases/CWE190_Integer_Overflow/s06/CWE190_Integer_Overflow__int_connect_socket_postinc_21.c","3","tools.semgrep-rules.c.lang.security.insecure-use-memset","CWE-14: Compiler Removal of Code to Clear Buffers"
"data/juliet/testcases/CWE190_Integer_Overflow/s06/CWE190_Integer_Overflow__int_connect_socket_postinc_22a.c","3","tools.semgrep-rules.c.lang.security.insecure-use-memset","CWE-14: Compiler Removal of Code to Clear Buffers"
"data/juliet/testcases/CWE190_Integer_Overflow/s06/CWE190_Integer_Overflow__int_connect_socket_postinc_31.c","2","tools.semgrep-rules.c.lang.security.insecure-use-memset","CWE-14: Compiler Removal of Code to Clear Buffers"
"data/juliet/testcases/CWE190_Integer_Overflow/s06/CWE190_Integer_Overflow__int_connect_socket_postinc_32.c","2","tools.semgrep-rules.c.lang.security.insecure-use-memset","CWE-14: Compiler Removal of Code to Clear Buffers"
"data/juliet/testcases/CWE190_Integer_Overflow/s06/CWE190_Integer_Overflow__int_connect_socket_postinc_34.c","2","tools.semgrep-rules.c.lang.security.insecure-use-memset","CWE-14: Compiler Removal of Code to Clear Buffers"
"data/juliet/testcases/CWE190_Integer_Overflow/s06/CWE190_Integer_Overflow__int_connect_socket_postinc_41.c","2","tools.semgrep-rules.c.lang.security.insecure-use-memset","CWE-14: Compiler Removal of Code to Clear Buffers"
"data/juliet/testcases/CWE190_Integer_Overflow/s06/CWE190_Integer_Overflow__int_connect_socket_postinc_42.c","2","tools.semgrep-rules.c.lang.security.insecure-use-memset","CWE-14: Compiler Removal of Code to Clear Buffers"
"data/juliet/testcases/CWE190_Integer_Overflow/s06/CWE190_Integer_Overflow__int_connect_socket_postinc_44.c","2","tools.semgrep-rules.c.lang.security.insecure-use-memset","CWE-14: Compiler Removal of Code to Clear Buffers"
"data/juliet/testcases/CWE190_Integer_Overflow/s06/CWE190_Integer_Overflow__int_connect_socket_postinc_45.c","2","tools.semgrep-rules.c.lang.security.insecure-use-memset","CWE-14: Compiler Removal of Code to Clear Buffers"
"data/juliet/testcases/CWE190_Integer_Overflow/s06/CWE190_Integer_Overflow__int_connect_socket_postinc_51a.c","2","tools.semgrep-rules.c.lang.security.insecure-use-memset","CWE-14: Compiler Removal of Code to Clear Buffers"
"data/juliet/testcases/CWE190_Integer_Overflow/s06/CWE190_Integer_Overflow__int_connect_socket_postinc_52a.c","2","tools.semgrep-rules.c.lang.security.insecure-use-memset","CWE-14: Compiler Removal of Code to Clear Buffers"
"data/juliet/testcases/CWE190_Integer_Overflow/s06/CWE190_Integer_Overflow__int_connect_socket_postinc_53a.c","2","tools.semgrep-rules.c.lang.security.insecure-use-memset","CWE-14: Compiler Removal of Code to Clear Buffers"
"data/juliet/testcases/CWE190_Integer_Overflow/s06/CWE190_Integer_Overflow__int_connect_socket_postinc_54a.c","2","tools.semgrep-rules.c.lang.security.insecure-use-memset","CWE-14: Compiler Removal of Code to Clear Buffers"
"data/juliet/testcases/CWE190_Integer_Overflow/s06/CWE190_Integer_Overflow__int_connect_socket_postinc_61b.c","2","tools.semgrep-rules.c.lang.security.insecure-use-memset","CWE-14: Compiler Removal of Code to Clear Buffers"
"data/juliet/testcases/CWE190_Integer_Overflow/s06/CWE190_Integer_Overflow__int_connect_socket_postinc_63a.c","2","tools.semgrep-rules.c.lang.security.insecure-use-memset","CWE-14: Compiler Removal of Code to Clear Buffers"
"data/juliet/testcases/CWE190_Integer_Overflow/s06/CWE190_Integer_Overflow__int_connect_socket_postinc_64a.c","2","tools.semgrep-rules.c.lang.security.insecure-use-memset","CWE-14: Compiler Removal of Code to Clear Buffers"
"data/juliet/testcases/CWE190_Integer_Overflow/s06/CWE190_Integer_Overflow__int_connect_socket_postinc_65a.c","2","tools.semgrep-rules.c.lang.security.insecure-use-memset","CWE-14: Compiler Removal of Code to Clear Buffers"
"data/juliet/testcases/CWE190_Integer_Overflow/s06/CWE190_Integer_Overflow__int_connect_socket_postinc_66a.c","2","tools.semgrep-rules.c.lang.security.insecure-use-memset","CWE-14: Compiler Removal of Code to Clear Buffers"
"data/juliet/testcases/CWE190_Integer_Overflow/s06/CWE190_Integer_Overflow__int_connect_socket_postinc_67a.c","2","tools.semgrep-rules.c.lang.security.insecure-use-memset","CWE-14: Compiler Removal of Code to Clear Buffers"
"data/juliet/testcases/CWE190_Integer_Overflow/s06/CWE190_Integer_Overflow__int_connect_socket_postinc_68a.c","2","tools.semgrep-rules.c.lang.security.insecure-use-memset","CWE-14: Compiler Removal of Code to Clear Buffers"
"data/juliet/testcases/CWE190_Integer_Overflow/s06/CWE190_Integer_Overflow__int_listen_socket_postinc_01.c","2","tools.semgrep-rules.c.lang.security.insecure-use-memset","CWE-14: Compiler Removal of Code to Clear Buffers"
"data/juliet/testcases/CWE190_Integer_Overflow/s06/CWE190_Integer_Overflow__int_listen_socket_postinc_02.c","3","tools.semgrep-rules.c.lang.security.insecure-use-memset","CWE-14: Compiler Removal of Code to Clear Buffers"
"data/juliet/testcases/CWE190_Integer_Overflow/s06/CWE190_Integer_Overflow__int_listen_socket_postinc_03.c","3","tools.semgrep-rules.c.lang.security.insecure-use-memset","CWE-14: Compiler Removal of Code to Clear Buffers"
"data/juliet/testcases/CWE190_Integer_Overflow/s06/CWE190_Integer_Overflow__int_listen_socket_postinc_04.c","3","tools.semgrep-rules.c.lang.security.insecure-use-memset","CWE-14: Compiler Removal of Code to Clear Buffers"
"data/juliet/testcases/CWE190_Integer_Overflow/s06/CWE190_Integer_Overflow__int_listen_socket_postinc_05.c","3","tools.semgrep-rules.c.lang.security.insecure-use-memset","CWE-14: Compiler Removal of Code to Clear Buffers"
"data/juliet/testcases/CWE190_Integer_Overflow/s06/CWE190_Integer_Overflow__int_listen_socket_postinc_06.c","3","tools.semgrep-rules.c.lang.security.insecure-use-memset","CWE-14: Compiler Removal of Code to Clear Buffers"
"data/juliet/testcases/CWE190_Integer_Overflow/s06/CWE190_Integer_Overflow__int_listen_socket_postinc_07.c","3","tools.semgrep-rules.c.lang.security.insecure-use-memset","CWE-14: Compiler Removal of Code to Clear Buffers"
"data/juliet/testcases/CWE190_Integer_Overflow/s06/CWE190_Integer_Overflow__int_listen_socket_postinc_08.c","3","tools.semgrep-rules.c.lang.security.insecure-use-memset","CWE-14: Compiler Removal of Code to Clear Buffers"
"data/juliet/testcases/CWE190_Integer_Overflow/s06/CWE190_Integer_Overflow__int_listen_socket_postinc_09.c","3","tools.semgrep-rules.c.lang.security.insecure-use-memset","CWE-14: Compiler Removal of Code to Clear Buffers"
"data/juliet/testcases/CWE190_Integer_Overflow/s06/CWE190_Integer_Overflow__int_listen_socket_postinc_10.c","3","tools.semgrep-rules.c.lang.security.insecure-use-memset","CWE-14: Compiler Removal of Code to Clear Buffers"
"data/juliet/testcases/CWE190_Integer_Overflow/s06/CWE190_Integer_Overflow__int_listen_socket_postinc_11.c","3","tools.semgrep-rules.c.lang.security.insecure-use-memset","CWE-14: Compiler Removal of Code to Clear Buffers"
"data/juliet/testcases/CWE190_Integer_Overflow/s06/CWE190_Integer_Overflow__int_listen_socket_postinc_12.c","3","tools.semgrep-rules.c.lang.security.insecure-use-memset","CWE-14: Compiler Removal of Code to Clear Buffers"
"data/juliet/testcases/CWE190_Integer_Overflow/s06/CWE190_Integer_Overflow__int_listen_socket_postinc_13.c","3","tools.semgrep-rules.c.lang.security.insecure-use-memset","CWE-14: Compiler Removal of Code to Clear Buffers"
"data/juliet/testcases/CWE190_Integer_Overflow/s06/CWE190_Integer_Overflow__int_listen_socket_postinc_14.c","3","tools.semgrep-rules.c.lang.security.insecure-use-memset","CWE-14: Compiler Removal of Code to Clear Buffers"
"data/juliet/testcases/CWE190_Integer_Overflow/s06/CWE190_Integer_Overflow__int_listen_socket_postinc_15.c","3","tools.semgrep-rules.c.lang.security.insecure-use-memset","CWE-14: Compiler Removal of Code to Clear Buffers"
"data/juliet/testcases/CWE190_Integer_Overflow/s06/CWE190_Integer_Overflow__int_listen_socket_postinc_16.c","2","tools.semgrep-rules.c.lang.security.insecure-use-memset","CWE-14: Compiler Removal of Code to Clear Buffers"
"data/juliet/testcases/CWE190_Integer_Overflow/s06/CWE190_Integer_Overflow__int_listen_socket_postinc_17.c","2","tools.semgrep-rules.c.lang.security.insecure-use-memset","CWE-14: Compiler Removal of Code to Clear Buffers"
"data/juliet/testcases/CWE190_Integer_Overflow/s06/CWE190_Integer_Overflow__int_listen_socket_postinc_18.c","2","tools.semgrep-rules.c.lang.security.insecure-use-memset","CWE-14: Compiler Removal of Code to Clear Buffers"
"data/juliet/testcases/CWE190_Integer_Overflow/s06/CWE190_Integer_Overflow__int_listen_socket_postinc_21.c","3","tools.semgrep-rules.c.lang.security.insecure-use-memset","CWE-14: Compiler Removal of Code to Clear Buffers"
"data/juliet/testcases/CWE190_Integer_Overflow/s06/CWE190_Integer_Overflow__int_listen_socket_postinc_22a.c","3","tools.semgrep-rules.c.lang.security.insecure-use-memset","CWE-14: Compiler Removal of Code to Clear Buffers"
"data/juliet/testcases/CWE190_Integer_Overflow/s06/CWE190_Integer_Overflow__int_listen_socket_postinc_31.c","2","tools.semgrep-rules.c.lang.security.insecure-use-memset","CWE-14: Compiler Removal of Code to Clear Buffers"
"data/juliet/testcases/CWE190_Integer_Overflow/s06/CWE190_Integer_Overflow__int_listen_socket_postinc_32.c","2","tools.semgrep-rules.c.lang.security.insecure-use-memset","CWE-14: Compiler Removal of Code to Clear Buffers"
"data/juliet/testcases/CWE190_Integer_Overflow/s06/CWE190_Integer_Overflow__int_listen_socket_postinc_34.c","2","tools.semgrep-rules.c.lang.security.insecure-use-memset","CWE-14: Compiler Removal of Code to Clear Buffers"
"data/juliet/testcases/CWE190_Integer_Overflow/s06/CWE190_Integer_Overflow__int_listen_socket_postinc_41.c","2","tools.semgrep-rules.c.lang.security.insecure-use-memset","CWE-14: Compiler Removal of Code to Clear Buffers"
"data/juliet/testcases/CWE190_Integer_Overflow/s06/CWE190_Integer_Overflow__int_listen_socket_postinc_42.c","2","tools.semgrep-rules.c.lang.security.insecure-use-memset","CWE-14: Compiler Removal of Code to Clear Buffers"
"data/juliet/testcases/CWE190_Integer_Overflow/s06/CWE190_Integer_Overflow__int_listen_socket_postinc_44.c","2","tools.semgrep-rules.c.lang.security.insecure-use-memset","CWE-14: Compiler Removal of Code to Clear Buffers"
"data/juliet/testcases/CWE190_Integer_Overflow/s06/CWE190_Integer_Overflow__int_listen_socket_postinc_45.c","2","tools.semgrep-rules.c.lang.security.insecure-use-memset","CWE-14: Compiler Removal of Code to Clear Buffers"
"data/juliet/testcases/CWE190_Integer_Overflow/s06/CWE190_Integer_Overflow__int_listen_socket_postinc_51a.c","2","tools.semgrep-rules.c.lang.security.insecure-use-memset","CWE-14: Compiler Removal of Code to Clear Buffers"
"data/juliet/testcases/CWE190_Integer_Overflow/s06/CWE190_Integer_Overflow__int_listen_socket_postinc_52a.c","2","tools.semgrep-rules.c.lang.security.insecure-use-memset","CWE-14: Compiler Removal of Code to Clear Buffers"
"data/juliet/testcases/CWE190_Integer_Overflow/s06/CWE190_Integer_Overflow__int_listen_socket_postinc_53a.c","2","tools.semgrep-rules.c.lang.security.insecure-use-memset","CWE-14: Compiler Removal of Code to Clear Buffers"
"data/juliet/testcases/CWE190_Integer_Overflow/s06/CWE190_Integer_Overflow__int_listen_socket_postinc_54a.c","2","tools.semgrep-rules.c.lang.security.insecure-use-memset","CWE-14: Compiler Removal of Code to Clear Buffers"
"data/juliet/testcases/CWE190_Integer_Overflow/s06/CWE190_Integer_Overflow__int_listen_socket_postinc_61b.c","2","tools.semgrep-rules.c.lang.security.insecure-use-memset","CWE-14: Compiler Removal of Code to Clear Buffers"
"data/juliet/testcases/CWE190_Integer_Overflow/s06/CWE190_Integer_Overflow__int_listen_socket_postinc_63a.c","2","tools.semgrep-rules.c.lang.security.insecure-use-memset","CWE-14: Compiler Removal of Code to Clear Buffers"
"data/juliet/testcases/CWE190_Integer_Overflow/s06/CWE190_Integer_Overflow__int_listen_socket_postinc_64a.c","2","tools.semgrep-rules.c.lang.security.insecure-use-memset","CWE-14: Compiler Removal of Code to Clear Buffers"
"data/juliet/testcases/CWE190_Integer_Overflow/s06/CWE190_Integer_Overflow__int_listen_socket_postinc_65a.c","2","tools.semgrep-rules.c.lang.security.insecure-use-memset","CWE-14: Compiler Removal of Code to Clear Buffers"
"data/juliet/testcases/CWE190_Integer_Overflow/s06/CWE190_Integer_Overflow__int_listen_socket_postinc_66a.c","2","tools.semgrep-rules.c.lang.security.insecure-use-memset","CWE-14: Compiler Removal of Code to Clear Buffers"
"data/juliet/testcases/CWE190_Integer_Overflow/s06/CWE190_Integer_Overflow__int_listen_socket_postinc_67a.c","2","tools.semgrep-rules.c.lang.security.insecure-use-memset","CWE-14: Compiler Removal of Code to Clear Buffers"
"data/juliet/testcases/CWE190_Integer_Overflow/s06/CWE190_Integer_Overflow__int_listen_socket_postinc_68a.c","2","tools.semgrep-rules.c.lang.security.insecure-use-memset","CWE-14: Compiler Removal of Code to Clear Buffers"
"data/juliet/testcases/CWE190_Integer_Overflow/s07/CWE190_Integer_Overflow__int_connect_socket_preinc_01.c","2","tools.semgrep-rules.c.lang.security.insecure-use-memset","CWE-14: Compiler Removal of Code to Clear Buffers"
"data/juliet/testcases/CWE190_Integer_Overflow/s07/CWE190_Integer_Overflow__int_connect_socket_preinc_02.c","3","tools.semgrep-rules.c.lang.security.insecure-use-memset","CWE-14: Compiler Removal of Code to Clear Buffers"
"data/juliet/testcases/CWE190_Integer_Overflow/s07/CWE190_Integer_Overflow__int_connect_socket_preinc_03.c","3","tools.semgrep-rules.c.lang.security.insecure-use-memset","CWE-14: Compiler Removal of Code to Clear Buffers"
"data/juliet/testcases/CWE190_Integer_Overflow/s07/CWE190_Integer_Overflow__int_connect_socket_preinc_04.c","3","tools.semgrep-rules.c.lang.security.insecure-use-memset","CWE-14: Compiler Removal of Code to Clear Buffers"
"data/juliet/testcases/CWE190_Integer_Overflow/s07/CWE190_Integer_Overflow__int_connect_socket_preinc_05.c","3","tools.semgrep-rules.c.lang.security.insecure-use-memset","CWE-14: Compiler Removal of Code to Clear Buffers"
"data/juliet/testcases/CWE190_Integer_Overflow/s07/CWE190_Integer_Overflow__int_connect_socket_preinc_06.c","3","tools.semgrep-rules.c.lang.security.insecure-use-memset","CWE-14: Compiler Removal of Code to Clear Buffers"
"data/juliet/testcases/CWE190_Integer_Overflow/s07/CWE190_Integer_Overflow__int_connect_socket_preinc_07.c","3","tools.semgrep-rules.c.lang.security.insecure-use-memset","CWE-14: Compiler Removal of Code to Clear Buffers"
"data/juliet/testcases/CWE190_Integer_Overflow/s07/CWE190_Integer_Overflow__int_connect_socket_preinc_08.c","3","tools.semgrep-rules.c.lang.security.insecure-use-memset","CWE-14: Compiler Removal of Code to Clear Buffers"
"data/juliet/testcases/CWE190_Integer_Overflow/s07/CWE190_Integer_Overflow__int_connect_socket_preinc_09.c","3","tools.semgrep-rules.c.lang.security.insecure-use-memset","CWE-14: Compiler Removal of Code to Clear Buffers"
"data/juliet/testcases/CWE190_Integer_Overflow/s07/CWE190_Integer_Overflow__int_connect_socket_preinc_10.c","3","tools.semgrep-rules.c.lang.security.insecure-use-memset","CWE-14: Compiler Removal of Code to Clear Buffers"
"data/juliet/testcases/CWE190_Integer_Overflow/s07/CWE190_Integer_Overflow__int_connect_socket_preinc_11.c","3","tools.semgrep-rules.c.lang.security.insecure-use-memset","CWE-14: Compiler Removal of Code to Clear Buffers"
"data/juliet/testcases/CWE190_Integer_Overflow/s07/CWE190_Integer_Overflow__int_connect_socket_preinc_12.c","3","tools.semgrep-rules.c.lang.security.insecure-use-memset","CWE-14: Compiler Removal of Code to Clear Buffers"
"data/juliet/testcases/CWE190_Integer_Overflow/s07/CWE190_Integer_Overflow__int_connect_socket_preinc_13.c","3","tools.semgrep-rules.c.lang.security.insecure-use-memset","CWE-14: Compiler Removal of Code to Clear Buffers"
"data/juliet/testcases/CWE190_Integer_Overflow/s07/CWE190_Integer_Overflow__int_connect_socket_preinc_14.c","3","tools.semgrep-rules.c.lang.security.insecure-use-memset","CWE-14: Compiler Removal of Code to Clear Buffers"
"data/juliet/testcases/CWE190_Integer_Overflow/s07/CWE190_Integer_Overflow__int_connect_socket_preinc_15.c","3","tools.semgrep-rules.c.lang.security.insecure-use-memset","CWE-14: Compiler Removal of Code to Clear Buffers"
"data/juliet/testcases/CWE190_Integer_Overflow/s07/CWE190_Integer_Overflow__int_connect_socket_preinc_16.c","2","tools.semgrep-rules.c.lang.security.insecure-use-memset","CWE-14: Compiler Removal of Code to Clear Buffers"
"data/juliet/testcases/CWE190_Integer_Overflow/s07/CWE190_Integer_Overflow__int_connect_socket_preinc_17.c","2","tools.semgrep-rules.c.lang.security.insecure-use-memset","CWE-14: Compiler Removal of Code to Clear Buffers"
"data/juliet/testcases/CWE190_Integer_Overflow/s07/CWE190_Integer_Overflow__int_connect_socket_preinc_18.c","2","tools.semgrep-rules.c.lang.security.insecure-use-memset","CWE-14: Compiler Removal of Code to Clear Buffers"
"data/juliet/testcases/CWE190_Integer_Overflow/s07/CWE190_Integer_Overflow__int_connect_socket_preinc_21.c","3","tools.semgrep-rules.c.lang.security.insecure-use-memset","CWE-14: Compiler Removal of Code to Clear Buffers"
"data/juliet/testcases/CWE190_Integer_Overflow/s07/CWE190_Integer_Overflow__int_connect_socket_preinc_22a.c","3","tools.semgrep-rules.c.lang.security.insecure-use-memset","CWE-14: Compiler Removal of Code to Clear Buffers"
"data/juliet/testcases/CWE190_Integer_Overflow/s07/CWE190_Integer_Overflow__int_connect_socket_preinc_31.c","2","tools.semgrep-rules.c.lang.security.insecure-use-memset","CWE-14: Compiler Removal of Code to Clear Buffers"
"data/juliet/testcases/CWE190_Integer_Overflow/s07/CWE190_Integer_Overflow__int_connect_socket_preinc_32.c","2","tools.semgrep-rules.c.lang.security.insecure-use-memset","CWE-14: Compiler Removal of Code to Clear Buffers"
"data/juliet/testcases/CWE190_Integer_Overflow/s07/CWE190_Integer_Overflow__int_connect_socket_preinc_34.c","2","tools.semgrep-rules.c.lang.security.insecure-use-memset","CWE-14: Compiler Removal of Code to Clear Buffers"
"data/juliet/testcases/CWE190_Integer_Overflow/s07/CWE190_Integer_Overflow__int_connect_socket_preinc_41.c","2","tools.semgrep-rules.c.lang.security.insecure-use-memset","CWE-14: Compiler Removal of Code to Clear Buffers"
"data/juliet/testcases/CWE190_Integer_Overflow/s07/CWE190_Integer_Overflow__int_connect_socket_preinc_42.c","2","tools.semgrep-rules.c.lang.security.insecure-use-memset","CWE-14: Compiler Removal of Code to Clear Buffers"
"data/juliet/testcases/CWE190_Integer_Overflow/s07/CWE190_Integer_Overflow__int_connect_socket_preinc_44.c","2","tools.semgrep-rules.c.lang.security.insecure-use-memset","CWE-14: Compiler Removal of Code to Clear Buffers"
"data/juliet/testcases/CWE190_Integer_Overflow/s07/CWE190_Integer_Overflow__int_connect_socket_preinc_45.c","2","tools.semgrep-rules.c.lang.security.insecure-use-memset","CWE-14: Compiler Removal of Code to Clear Buffers"
"data/juliet/testcases/CWE190_Integer_Overflow/s07/CWE190_Integer_Overflow__int_connect_socket_preinc_51a.c","2","tools.semgrep-rules.c.lang.security.insecure-use-memset","CWE-14: Compiler Removal of Code to Clear Buffers"
"data/juliet/testcases/CWE190_Integer_Overflow/s07/CWE190_Integer_Overflow__int_connect_socket_preinc_52a.c","2","tools.semgrep-rules.c.lang.security.insecure-use-memset","CWE-14: Compiler Removal of Code to Clear Buffers"
"data/juliet/testcases/CWE190_Integer_Overflow/s07/CWE190_Integer_Overflow__int_connect_socket_preinc_53a.c","2","tools.semgrep-rules.c.lang.security.insecure-use-memset","CWE-14: Compiler Removal of Code to Clear Buffers"
"data/juliet/testcases/CWE190_Integer_Overflow/s07/CWE190_Integer_Overflow__int_connect_socket_preinc_54a.c","2","tools.semgrep-rules.c.lang.security.insecure-use-memset","CWE-14: Compiler Removal of Code to Clear Buffers"
"data/juliet/testcases/CWE190_Integer_Overflow/s07/CWE190_Integer_Overflow__int_connect_socket_preinc_61b.c","2","tools.semgrep-rules.c.lang.security.insecure-use-memset","CWE-14: Compiler Removal of Code to Clear Buffers"
"data/juliet/testcases/CWE190_Integer_Overflow/s07/CWE190_Integer_Overflow__int_connect_socket_preinc_63a.c","2","tools.semgrep-rules.c.lang.security.insecure-use-memset","CWE-14: Compiler Removal of Code to Clear Buffers"
"data/juliet/testcases/CWE190_Integer_Overflow/s07/CWE190_Integer_Overflow__int_connect_socket_preinc_64a.c","2","tools.semgrep-rules.c.lang.security.insecure-use-memset","CWE-14: Compiler Removal of Code to Clear Buffers"
"data/juliet/testcases/CWE190_Integer_Overflow/s07/CWE190_Integer_Overflow__int_connect_socket_preinc_65a.c","2","tools.semgrep-rules.c.lang.security.insecure-use-memset","CWE-14: Compiler Removal of Code to Clear Buffers"
"data/juliet/testcases/CWE190_Integer_Overflow/s07/CWE190_Integer_Overflow__int_connect_socket_preinc_66a.c","2","tools.semgrep-rules.c.lang.security.insecure-use-memset","CWE-14: Compiler Removal of Code to Clear Buffers"
"data/juliet/testcases/CWE190_Integer_Overflow/s07/CWE190_Integer_Overflow__int_connect_socket_preinc_67a.c","2","tools.semgrep-rules.c.lang.security.insecure-use-memset","CWE-14: Compiler Removal of Code to Clear Buffers"
"data/juliet/testcases/CWE190_Integer_Overflow/s07/CWE190_Integer_Overflow__int_connect_socket_preinc_68a.c","2","tools.semgrep-rules.c.lang.security.insecure-use-memset","CWE-14: Compiler Removal of Code to Clear Buffers"
"data/juliet/testcases/CWE190_Integer_Overflow/s07/CWE190_Integer_Overflow__int_listen_socket_preinc_01.c","2","tools.semgrep-rules.c.lang.security.insecure-use-memset","CWE-14: Compiler Removal of Code to Clear Buffers"
"data/juliet/testcases/CWE190_Integer_Overflow/s07/CWE190_Integer_Overflow__int_listen_socket_preinc_02.c","3","tools.semgrep-rules.c.lang.security.insecure-use-memset","CWE-14: Compiler Removal of Code to Clear Buffers"
"data/juliet/testcases/CWE190_Integer_Overflow/s07/CWE190_Integer_Overflow__int_listen_socket_preinc_03.c","3","tools.semgrep-rules.c.lang.security.insecure-use-memset","CWE-14: Compiler Removal of Code to Clear Buffers"
"data/juliet/testcases/CWE190_Integer_Overflow/s07/CWE190_Integer_Overflow__int_listen_socket_preinc_04.c","3","tools.semgrep-rules.c.lang.security.insecure-use-memset","CWE-14: Compiler Removal of Code to Clear Buffers"
"data/juliet/testcases/CWE190_Integer_Overflow/s07/CWE190_Integer_Overflow__int_listen_socket_preinc_05.c","3","tools.semgrep-rules.c.lang.security.insecure-use-memset","CWE-14: Compiler Removal of Code to Clear Buffers"
"data/juliet/testcases/CWE190_Integer_Overflow/s07/CWE190_Integer_Overflow__int_listen_socket_preinc_06.c","3","tools.semgrep-rules.c.lang.security.insecure-use-memset","CWE-14: Compiler Removal of Code to Clear Buffers"
"data/juliet/testcases/CWE190_Integer_Overflow/s07/CWE190_Integer_Overflow__int_listen_socket_preinc_07.c","3","tools.semgrep-rules.c.lang.security.insecure-use-memset","CWE-14: Compiler Removal of Code to Clear Buffers"
"data/juliet/testcases/CWE190_Integer_Overflow/s07/CWE190_Integer_Overflow__int_listen_socket_preinc_08.c","3","tools.semgrep-rules.c.lang.security.insecure-use-memset","CWE-14: Compiler Removal of Code to Clear Buffers"
"data/juliet/testcases/CWE190_Integer_Overflow/s07/CWE190_Integer_Overflow__int_listen_socket_preinc_09.c","3","tools.semgrep-rules.c.lang.security.insecure-use-memset","CWE-14: Compiler Removal of Code to Clear Buffers"
"data/juliet/testcases/CWE190_Integer_Overflow/s07/CWE190_Integer_Overflow__int_listen_socket_preinc_10.c","3","tools.semgrep-rules.c.lang.security.insecure-use-memset","CWE-14: Compiler Removal of Code to Clear Buffers"
"data/juliet/testcases/CWE190_Integer_Overflow/s07/CWE190_Integer_Overflow__int_listen_socket_preinc_11.c","3","tools.semgrep-rules.c.lang.security.insecure-use-memset","CWE-14: Compiler Removal of Code to Clear Buffers"
"data/juliet/testcases/CWE190_Integer_Overflow/s07/CWE190_Integer_Overflow__int_listen_socket_preinc_12.c","3","tools.semgrep-rules.c.lang.security.insecure-use-memset","CWE-14: Compiler Removal of Code to Clear Buffers"
"data/juliet/testcases/CWE190_Integer_Overflow/s07/CWE190_Integer_Overflow__int_listen_socket_preinc_13.c","3","tools.semgrep-rules.c.lang.security.insecure-use-memset","CWE-14: Compiler Removal of Code to Clear Buffers"
"data/juliet/testcases/CWE190_Integer_Overflow/s07/CWE190_Integer_Overflow__int_listen_socket_preinc_14.c","3","tools.semgrep-rules.c.lang.security.insecure-use-memset","CWE-14: Compiler Removal of Code to Clear Buffers"
"data/juliet/testcases/CWE190_Integer_Overflow/s07/CWE190_Integer_Overflow__int_listen_socket_preinc_15.c","3","tools.semgrep-rules.c.lang.security.insecure-use-memset","CWE-14: Compiler Removal of Code to Clear Buffers"
"data/juliet/testcases/CWE190_Integer_Overflow/s07/CWE190_Integer_Overflow__int_listen_socket_preinc_16.c","2","tools.semgrep-rules.c.lang.security.insecure-use-memset","CWE-14: Compiler Removal of Code to Clear Buffers"
"data/juliet/testcases/CWE190_Integer_Overflow/s07/CWE190_Integer_Overflow__int_listen_socket_preinc_17.c","2","tools.semgrep-rules.c.lang.security.insecure-use-memset","CWE-14: Compiler Removal of Code to Clear Buffers"
"data/juliet/testcases/CWE190_Integer_Overflow/s07/CWE190_Integer_Overflow__int_listen_socket_preinc_18.c","2","tools.semgrep-rules.c.lang.security.insecure-use-memset","CWE-14: Compiler Removal of Code to Clear Buffers"
"data/juliet/testcases/CWE190_Integer_Overflow/s07/CWE190_Integer_Overflow__int_listen_socket_preinc_21.c","3","tools.semgrep-rules.c.lang.security.insecure-use-memset","CWE-14: Compiler Removal of Code to Clear Buffers"
"data/juliet/testcases/CWE190_Integer_Overflow/s07/CWE190_Integer_Overflow__int_listen_socket_preinc_22a.c","3","tools.semgrep-rules.c.lang.security.insecure-use-memset","CWE-14: Compiler Removal of Code to Clear Buffers"
"data/juliet/testcases/CWE190_Integer_Overflow/s07/CWE190_Integer_Overflow__int_listen_socket_preinc_31.c","2","tools.semgrep-rules.c.lang.security.insecure-use-memset","CWE-14: Compiler Removal of Code to Clear Buffers"
"data/juliet/testcases/CWE190_Integer_Overflow/s07/CWE190_Integer_Overflow__int_listen_socket_preinc_32.c","2","tools.semgrep-rules.c.lang.security.insecure-use-memset","CWE-14: Compiler Removal of Code to Clear Buffers"
"data/juliet/testcases/CWE190_Integer_Overflow/s07/CWE190_Integer_Overflow__int_listen_socket_preinc_34.c","2","tools.semgrep-rules.c.lang.security.insecure-use-memset","CWE-14: Compiler Removal of Code to Clear Buffers"
"data/juliet/testcases/CWE190_Integer_Overflow/s07/CWE190_Integer_Overflow__int_listen_socket_preinc_41.c","2","tools.semgrep-rules.c.lang.security.insecure-use-memset","CWE-14: Compiler Removal of Code to Clear Buffers"
"data/juliet/testcases/CWE190_Integer_Overflow/s07/CWE190_Integer_Overflow__int_listen_socket_preinc_42.c","2","tools.semgrep-rules.c.lang.security.insecure-use-memset","CWE-14: Compiler Removal of Code to Clear Buffers"
"data/juliet/testcases/CWE190_Integer_Overflow/s07/CWE190_Integer_Overflow__int_listen_socket_preinc_44.c","2","tools.semgrep-rules.c.lang.security.insecure-use-memset","CWE-14: Compiler Removal of Code to Clear Buffers"
"data/juliet/testcases/CWE190_Integer_Overflow/s07/CWE190_Integer_Overflow__int_listen_socket_preinc_45.c","2","tools.semgrep-rules.c.lang.security.insecure-use-memset","CWE-14: Compiler Removal of Code to Clear Buffers"
"data/juliet/testcases/CWE190_Integer_Overflow/s07/CWE190_Integer_Overflow__int_listen_socket_preinc_51a.c","2","tools.semgrep-rules.c.lang.security.insecure-use-memset","CWE-14: Compiler Removal of Code to Clear Buffers"
"data/juliet/testcases/CWE190_Integer_Overflow/s07/CWE190_Integer_Overflow__int_listen_socket_preinc_52a.c","2","tools.semgrep-rules.c.lang.security.insecure-use-memset","CWE-14: Compiler Removal of Code to Clear Buffers"
"data/juliet/testcases/CWE190_Integer_Overflow/s07/CWE190_Integer_Overflow__int_listen_socket_preinc_53a.c","2","tools.semgrep-rules.c.lang.security.insecure-use-memset","CWE-14: Compiler Removal of Code to Clear Buffers"
"data/juliet/testcases/CWE190_Integer_Overflow/s07/CWE190_Integer_Overflow__int_listen_socket_preinc_54a.c","2","tools.semgrep-rules.c.lang.security.insecure-use-memset","CWE-14: Compiler Removal of Code to Clear Buffers"
"data/juliet/testcases/CWE190_Integer_Overflow/s07/CWE190_Integer_Overflow__int_listen_socket_preinc_61b.c","2","tools.semgrep-rules.c.lang.security.insecure-use-memset","CWE-14: Compiler Removal of Code to Clear Buffers"
"data/juliet/testcases/CWE190_Integer_Overflow/s07/CWE190_Integer_Overflow__int_listen_socket_preinc_63a.c","2","tools.semgrep-rules.c.lang.security.insecure-use-memset","CWE-14: Compiler Removal of Code to Clear Buffers"
"data/juliet/testcases/CWE190_Integer_Overflow/s07/CWE190_Integer_Overflow__int_listen_socket_preinc_64a.c","2","tools.semgrep-rules.c.lang.security.insecure-use-memset","CWE-14: Compiler Removal of Code to Clear Buffers"
"data/juliet/testcases/CWE190_Integer_Overflow/s07/CWE190_Integer_Overflow__int_listen_socket_preinc_65a.c","2","tools.semgrep-rules.c.lang.security.insecure-use-memset","CWE-14: Compiler Removal of Code to Clear Buffers"
"data/juliet/testcases/CWE190_Integer_Overflow/s07/CWE190_Integer_Overflow__int_listen_socket_preinc_66a.c","2","tools.semgrep-rules.c.lang.security.insecure-use-memset","CWE-14: Compiler Removal of Code to Clear Buffers"
"data/juliet/testcases/CWE190_Integer_Overflow/s07/CWE190_Integer_Overflow__int_listen_socket_preinc_67a.c","2","tools.semgrep-rules.c.lang.security.insecure-use-memset","CWE-14: Compiler Removal of Code to Clear Buffers"
"data/juliet/testcases/CWE190_Integer_Overflow/s07/CWE190_Integer_Overflow__int_listen_socket_preinc_68a.c","2","tools.semgrep-rules.c.lang.security.insecure-use-memset","CWE-14: Compiler Removal of Code to Clear Buffers"
